{"type": "FeatureCollection", "features": [{"type": "Feature", "id": "882c0b2d83fffff", "geometry": {"type": "Polygon", "coordinates": [[[49.621797543404284, 40.58481196676645], [49.62441842145369, 40.580184125082695], [49.63079259720514, 40.57950253671097], [49.63454687769964, 40.583448893656815], [49.63192647148882, 40.58807717193194], [49.62555131283212, 40.58875865666378], [49.621797543404284, 40.58481196676645]]]}, "properties": {"h3": "882c0b2d83fffff"}}, {"type": "Feature", "id": "882c0b2d87fffff", "geometry": {"type": "Polygon", "coordinates": [[[49.620665315828404, 40.576237687542736], [49.62328587489641, 40.57160999457863], [49.6296590680406, 40.570928302570366], [49.6334126846113, 40.57487440715664], [49.63079259720514, 40.57950253671097], [49.62441842145369, 40.580184125082695], [49.620665315828404, 40.576237687542736]]]}, "properties": {"h3": "882c0b2d87fffff"}}, {"type": "Feature", "id": "882c0b2d91fffff", "geometry": {"type": "Polygon", "coordinates": [[[49.633060691048385, 40.596652207867216], [49.63568141613449, 40.592023781055964], [49.64205727795834, 40.59134177884459], [49.64581339795839, 40.595288306901175], [49.6431931452718, 40.59991717023938], [49.63681630007275, 40.600599068988], [49.633060691048385, 40.596652207867216]]]}, "properties": {"h3": "882c0b2d91fffff"}}, {"type": "Feature", "id": "882c0b2d93fffff", "geometry": {"type": "Polygon", "coordinates": [[[49.6431931452718, 40.59991717023938], [49.64581339795839, 40.595288306901175], [49.65218996270177, 40.5946057869817], [49.65594725819251, 40.59855223367662], [49.65332747828962, 40.603181533476075], [49.64694992999935, 40.603863950113315], [49.6431931452718, 40.59991717023938]]]}, "properties": {"h3": "882c0b2d93fffff"}}, {"type": "Feature", "id": "882c0b2d95fffff", "geometry": {"type": "Polygon", "coordinates": [[[49.63192647148882, 40.58807717193194], [49.63454687769964, 40.583448893656815], [49.64092175644647, 40.58276678798594], [49.64467721194666, 40.58671306404362], [49.64205727795834, 40.59134177884459], [49.63568141613449, 40.592023781055964], [49.63192647148882, 40.58807717193194]]]}, "properties": {"h3": "882c0b2d95fffff"}}, {"type": "Feature", "id": "882c0b2d97fffff", "geometry": {"type": "Polygon", "coordinates": [[[49.64205727795834, 40.59134177884459], [49.64467721194666, 40.58671306404362], [49.651052793441416, 40.58603044084512], [49.65480942408361, 40.589976635720554], [49.65218996270177, 40.5946057869817], [49.64581339795839, 40.595288306901175], [49.64205727795834, 40.59134177884459]]]}, "properties": {"h3": "882c0b2d97fffff"}}, {"type": "Feature", "id": "882c0b2d99fffff", "geometry": {"type": "Polygon", "coordinates": [[[49.62406303296386, 40.60196172752482], [49.62668454918831, 40.597333588955834], [49.633060691048385, 40.596652207867216], [49.63681630007275, 40.600599068988], [49.63419525604069, 40.60522764415061], [49.62781813067896, 40.605908921592736], [49.62406303296386, 40.60196172752482]]]}, "properties": {"h3": "882c0b2d99fffff"}}, {"type": "Feature", "id": "882c0b2d9bfffff", "geometry": {"type": "Polygon", "coordinates": [[[49.63419525604069, 40.60522764415061], [49.63681630007275, 40.600599068988], [49.6431931452718, 40.59991717023938], [49.64694992999935, 40.603863950113315], [49.64432935854394, 40.60849296180398], [49.63795152967136, 40.60917475708661], [49.63419525604069, 40.60522764415061]]]}, "properties": {"h3": "882c0b2d9bfffff"}}, {"type": "Feature", "id": "882c0b2da3fffff", "geometry": {"type": "Polygon", "coordinates": [[[49.62852588383854, 40.56235446987607], [49.63114533384727, 40.557726638317334], [49.6375172651509, 40.55704422228777], [49.641270728516375, 40.56098974126044], [49.6386517501996, 40.56561800934153], [49.632278836712736, 40.56630032192151], [49.62852588383854, 40.56235446987607]]]}, "properties": {"h3": "882c0b2da3fffff"}}, {"type": "Feature", "id": "882c0b2db1fffff", "geometry": {"type": "Polygon", "coordinates": [[[49.639786580579184, 40.57419219802955], [49.64240587738262, 40.569563780857195], [49.64877949327435, 40.56888095111032], [49.652534794902394, 40.572826641802315], [49.64991597035132, 40.57745549543261], [49.643541371807075, 40.57813822190693], [49.639786580579184, 40.57419219802955]]]}, "properties": {"h3": "882c0b2db1fffff"}}, {"type": "Feature", "id": "882c0b2db3fffff", "geometry": {"type": "Polygon", "coordinates": [[[49.64991597035132, 40.57745549543261], [49.652534794902394, 40.572826641802315], [49.658909112951484, 40.57214329466025], [49.6626655891606, 40.57608890423456], [49.66004723724563, 40.580718194257095], [49.65367193637265, 40.58140143830705], [49.64991597035132, 40.57745549543261]]]}, "properties": {"h3": "882c0b2db3fffff"}}, {"type": "Feature", "id": "882c0b2db7fffff", "geometry": {"type": "Polygon", "coordinates": [[[49.64877949327435, 40.56888095111032], [49.651397999515666, 40.56425224657248], [49.657771335038774, 40.56356879634155], [49.661527146733796, 40.56751415373131], [49.658909112951484, 40.57214329466025], [49.652534794902394, 40.572826641802315], [49.64877949327435, 40.56888095111032]]]}, "properties": {"h3": "882c0b2db7fffff"}}, {"type": "Feature", "id": "882c0b2db9fffff", "geometry": {"type": "Polygon", "coordinates": [[[49.63079259720514, 40.57950253671097], [49.6334126846113, 40.57487440715664], [49.639786580579184, 40.57419219802955], [49.643541371807075, 40.57813822190693], [49.64092175644647, 40.58276678798594], [49.63454687769964, 40.583448893656815], [49.63079259720514, 40.57950253671097]]]}, "properties": {"h3": "882c0b2db9fffff"}}, {"type": "Feature", "id": "882c0b2dbbfffff", "geometry": {"type": "Polygon", "coordinates": [[[49.64092175644647, 40.58276678798594], [49.643541371807075, 40.57813822190693], [49.64991597035132, 40.57745549543261], [49.65367193637265, 40.58140143830705], [49.651052793441416, 40.58603044084512], [49.64467721194666, 40.58671306404362], [49.64092175644647, 40.58276678798594]]]}, "properties": {"h3": "882c0b2dbbfffff"}}, {"type": "Feature", "id": "882c0b2dbdfffff", "geometry": {"type": "Polygon", "coordinates": [[[49.6296590680406, 40.570928302570366], [49.632278836712736, 40.56630032192151], [49.6386517501996, 40.56561800934153], [49.64240587738262, 40.569563780857195], [49.639786580579184, 40.57419219802955], [49.6334126846113, 40.57487440715664], [49.6296590680406, 40.570928302570366]]]}, "properties": {"h3": "882c0b2dbdfffff"}}, {"type": "Feature", "id": "882ce58001fffff", "geometry": {"type": "Polygon", "coordinates": [[[49.79223929123521, 40.409876071630734], [49.7948418538443, 40.40524374518082], [49.80120254631414, 40.40454896796884], [49.80496165405116, 40.408486617144064], [49.802359565966675, 40.41311937882935], [49.7959978955086, 40.41381405609828], [49.79223929123521, 40.409876071630734]]]}, "properties": {"h3": "882ce58001fffff"}}, {"type": "Feature", "id": "882ce58003fffff", "geometry": {"type": "Polygon", "coordinates": [[[49.802359565966675, 40.41311937882935], [49.80496165405116, 40.408486617144064], [49.811323039801245, 40.40779132313847], [49.81508331551045, 40.41172889057509], [49.81248170233157, 40.41636208742899], [49.806119338425866, 40.41705728167191], [49.802359565966675, 40.41311937882935]]]}, "properties": {"h3": "882ce58003fffff"}}, {"type": "Feature", "id": "882ce58005fffff", "geometry": {"type": "Polygon", "coordinates": [[[49.791083913948, 40.401306014559715], [49.793686163063825, 40.39667384201504], [49.80004587784085, 40.395978964863126], [49.803804321082936, 40.39991636019006], [49.80120254631414, 40.40454896796884], [49.7948418538443, 40.40524374518082], [49.791083913948, 40.401306014559715]]]}, "properties": {"h3": "882ce58005fffff"}}, {"type": "Feature", "id": "882ce58007fffff", "geometry": {"type": "Polygon", "coordinates": [[[49.80120254631414, 40.40454896796884], [49.803804321082936, 40.39991636019006], [49.810164728972865, 40.39922096642488], [49.81392433984218, 40.40315828019234], [49.811323039801245, 40.40779132313847], [49.80496165405116, 40.408486617144064], [49.80120254631414, 40.40454896796884]]]}, "properties": {"h3": "882ce58007fffff"}}, {"type": "Feature", "id": "882ce58009fffff", "geometry": {"type": "Polygon", "coordinates": [[[49.78327496398237, 40.41520227701957], [49.785878314474196, 40.41057023215173], [49.79223929123521, 40.409876071630734], [49.7959978955086, 40.41381405609828], [49.793395019337936, 40.418446536269435], [49.78703306446072, 40.41914059666393], [49.78327496398237, 40.41520227701957]]]}, "properties": {"h3": "882ce58009fffff"}}, {"type": "Feature", "id": "882ce5800bfffff", "geometry": {"type": "Polygon", "coordinates": [[[49.793395019337936, 40.418446536269435], [49.7959978955086, 40.41381405609828], [49.802359565966675, 40.41311937882935], [49.806119338425866, 40.41705728167191], [49.80351693695747, 40.42169019707968], [49.79715428821561, 40.4223847744025], [49.793395019337936, 40.418446536269435]]]}, "properties": {"h3": "882ce5800bfffff"}}, {"type": "Feature", "id": "882ce5800dfffff", "geometry": {"type": "Polygon", "coordinates": [[[49.78212087825495, 40.40663216635196], [49.7847239150077, 40.402000275204095], [49.791083913948, 40.401306014559715], [49.7948418538443, 40.40524374518082], [49.79223929123521, 40.409876071630734], [49.785878314474196, 40.41057023215173], [49.78212087825495, 40.40663216635196]]]}, "properties": {"h3": "882ce5800dfffff"}}, {"type": "Feature", "id": "882ce58011fffff", "geometry": {"type": "Polygon", "coordinates": [[[49.813640716723114, 40.424933258931304], [49.81624264310805, 40.420299908353726], [49.822605700211604, 40.41960419691071], [49.82636780943665, 40.42354193562469], [49.82376635851646, 40.42817572130519], [49.81740232279438, 40.42887133316308], [49.813640716723114, 40.424933258931304]]]}, "properties": {"h3": "882ce58011fffff"}}, {"type": "Feature", "id": "882ce58013fffff", "geometry": {"type": "Polygon", "coordinates": [[[49.82376635851646, 40.42817572130519], [49.82636780943665, 40.42354193562469], [49.832731559487975, 40.4228457067556], [49.83649483729269, 40.4267833629658], [49.8338938622186, 40.4314175836822], [49.82752913338159, 40.432113713146805], [49.82376635851646, 40.42817572130519]]]}, "properties": {"h3": "882ce58013fffff"}}, {"type": "Feature", "id": "882ce58015fffff", "geometry": {"type": "Polygon", "coordinates": [[[49.81248170233157, 40.41636208742899], [49.81508331551045, 40.41172889057509], [49.821445394291125, 40.41103307954993], [49.82520683810376, 40.414970564955105], [49.822605700211604, 40.41960419691071], [49.81624264310805, 40.420299908353726], [49.81248170233157, 40.41636208742899]]]}, "properties": {"h3": "882ce58015fffff"}}, {"type": "Feature", "id": "882ce58017fffff", "geometry": {"type": "Polygon", "coordinates": [[[49.822605700211604, 40.41960419691071], [49.82520683810376, 40.414970564955105], [49.83156960966511, 40.41427423668441], [49.83533222171221, 40.41821163976523], [49.832731559487975, 40.4228457067556], [49.82636780943665, 40.42354193562469], [49.822605700211604, 40.41960419691071]]]}, "properties": {"h3": "882ce58017fffff"}}, {"type": "Feature", "id": "882ce58019fffff", "geometry": {"type": "Polygon", "coordinates": [[[49.80467465944565, 40.430261422354775], [49.807277374366194, 40.4256283534086], [49.813640716723114, 40.424933258931304], [49.81740232279438, 40.42887133316308], [49.814800083135246, 40.433504837280275], [49.808435762031344, 40.434199831988934], [49.80467465944565, 40.430261422354775]]]}, "properties": {"h3": "882ce58019fffff"}}, {"type": "Feature", "id": "882ce5801bfffff", "geometry": {"type": "Polygon", "coordinates": [[[49.814800083135246, 40.433504837280275], [49.81740232279438, 40.42887133316308], [49.82376635851646, 40.42817572130519], [49.82752913338159, 40.432113713146805], [49.8249273693653, 40.436747652368076], [49.81856235472889, 40.43744316463795], [49.814800083135246, 40.433504837280275]]]}, "properties": {"h3": "882ce5801bfffff"}}, {"type": "Feature", "id": "882ce5801dfffff", "geometry": {"type": "Polygon", "coordinates": [[[49.80351693695747, 40.42169019707968], [49.806119338425866, 40.41705728167191], [49.81248170233157, 40.41636208742899], [49.81624264310805, 40.420299908353726], [49.813640716723114, 40.424933258931304], [49.807277374366194, 40.4256283534086], [49.80351693695747, 40.42169019707968]]]}, "properties": {"h3": "882ce5801dfffff"}}, {"type": "Feature", "id": "882ce58021fffff", "geometry": {"type": "Polygon", "coordinates": [[[49.79888956038789, 40.38740936987702], [49.801490708729936, 40.382777070463135], [49.80784916178546, 40.38208147718798], [49.81160744365669, 40.38601828307441], [49.80900676968731, 40.39065101765309], [49.80264733936218, 40.39134651117482], [49.79888956038789, 40.38740936987702]]]}, "properties": {"h3": "882ce58021fffff"}}, {"type": "Feature", "id": "882ce58023fffff", "geometry": {"type": "Polygon", "coordinates": [[[49.80900676968731, 40.39065101765309], [49.81160744365669, 40.38601828307441], [49.817966589241415, 40.38532217332078], [49.821726038181524, 40.38925889771327], [49.81912583896539, 40.393892067389984], [49.812765715943996, 40.39458807757047], [49.80900676968731, 40.39065101765309]]]}, "properties": {"h3": "882ce58023fffff"}}, {"type": "Feature", "id": "882ce58025fffff", "geometry": {"type": "Polygon", "coordinates": [[[49.79773359379644, 40.37884018337527], [49.80033442902736, 40.37420803841971], [49.80669190510838, 40.373512345394246], [49.81044952282118, 40.37744889706892], [49.80784916178546, 40.38208147718798], [49.801490708729936, 40.382777070463135], [49.79773359379644, 40.37884018337527]]]}, "properties": {"h3": "882ce58025fffff"}}, {"type": "Feature", "id": "882ce58027fffff", "geometry": {"type": "Polygon", "coordinates": [[[49.80784916178546, 40.38208147718798], [49.81044952282118, 40.37744889706892], [49.81680769126437, 40.37675268774526], [49.82056647570153, 40.38068915810499], [49.817966589241415, 40.38532217332078], [49.81160744365669, 40.38601828307441], [49.80784916178546, 40.38208147718798]]]}, "properties": {"h3": "882ce58027fffff"}}, {"type": "Feature", "id": "882ce58029fffff", "geometry": {"type": "Polygon", "coordinates": [[[49.78992888731752, 40.39273636542126], [49.79253082300839, 40.388104346965775], [49.79888956038789, 40.38740936987702], [49.80264733936218, 40.39134651117482], [49.80004587784085, 40.395978964863126], [49.793686163063825, 40.39667384201504], [49.78992888731752, 40.39273636542126]]]}, "properties": {"h3": "882ce58029fffff"}}, {"type": "Feature", "id": "882ce5802bfffff", "geometry": {"type": "Polygon", "coordinates": [[[49.80004587784085, 40.395978964863126], [49.80264733936218, 40.39134651117482], [49.80900676968731, 40.39065101765309], [49.812765715943996, 40.39458807757047], [49.810164728972865, 40.39922096642488], [49.803804321082936, 40.39991636019006], [49.80004587784085, 40.395978964863126]]]}, "properties": {"h3": "882ce5802bfffff"}}, {"type": "Feature", "id": "882ce5802dfffff", "geometry": {"type": "Polygon", "coordinates": [[[49.78877421118513, 40.38416712458008], [49.79137583351932, 40.37953526039769], [49.79773359379644, 40.37884018337527], [49.801490708729936, 40.382777070463135], [49.79888956038789, 40.38740936987702], [49.79253082300839, 40.388104346965775], [49.78877421118513, 40.38416712458008]]]}, "properties": {"h3": "882ce5802dfffff"}}, {"type": "Feature", "id": "882ce58031fffff", "geometry": {"type": "Polygon", "coordinates": [[[49.82028544059552, 40.40246236958801], [49.822885952635666, 40.39782904563433], [49.82924676810368, 40.39713251856925], [49.833008049318515, 40.40106941484787], [49.830408012590226, 40.405703173833906], [49.82404621922327, 40.40639960150328], [49.82028544059552, 40.40246236958801]]]}, "properties": {"h3": "882ce58031fffff"}}, {"type": "Feature", "id": "882ce58033fffff", "geometry": {"type": "Polygon", "coordinates": [[[49.830408012590226, 40.405703173833906], [49.833008049318515, 40.40106941484787], [49.83936955698322, 40.400372370672414], [49.8431320058734, 40.404309184692515], [49.840532444837905, 40.40894337864391], [49.83416995910741, 40.40964032360417], [49.830408012590226, 40.405703173833906]]]}, "properties": {"h3": "882ce58033fffff"}}, {"type": "Feature", "id": "882ce58035fffff", "geometry": {"type": "Polygon", "coordinates": [[[49.81912583896539, 40.393892067389984], [49.821726038181524, 40.38925889771327], [49.82808587604593, 40.388562271255466], [49.831846492185896, 40.39249891386138], [49.82924676810368, 40.39713251856925], [49.822885952635666, 40.39782904563433], [49.81912583896539, 40.393892067389984]]]}, "properties": {"h3": "882ce58035fffff"}}, {"type": "Feature", "id": "882ce58037fffff", "geometry": {"type": "Polygon", "coordinates": [[[49.82924676810368, 40.39713251856925], [49.831846492185896, 40.39249891386138], [49.83820702208018, 40.39180177047369], [49.84196880555071, 40.3957383310004], [49.83936955698322, 40.400372370672414], [49.833008049318515, 40.40106941484787], [49.82924676810368, 40.39713251856925]]]}, "properties": {"h3": "882ce58037fffff"}}, {"type": "Feature", "id": "882ce58039fffff", "geometry": {"type": "Polygon", "coordinates": [[[49.811323039801245, 40.40779132313847], [49.81392433984218, 40.40315828019234], [49.82028544059552, 40.40246236958801], [49.82404621922327, 40.40639960150328], [49.821445394291125, 40.41103307954993], [49.81508331551045, 40.41172889057509], [49.811323039801245, 40.40779132313847]]]}, "properties": {"h3": "882ce58039fffff"}}, {"type": "Feature", "id": "882ce5803bfffff", "geometry": {"type": "Polygon", "coordinates": [[[49.821445394291125, 40.41103307954993], [49.82404621922327, 40.40639960150328], [49.830408012590226, 40.405703173833906], [49.83416995910741, 40.40964032360417], [49.83156960966511, 40.41427423668441], [49.82520683810376, 40.414970564955105], [49.821445394291125, 40.41103307954993]]]}, "properties": {"h3": "882ce5803bfffff"}}, {"type": "Feature", "id": "882ce5803dfffff", "geometry": {"type": "Polygon", "coordinates": [[[49.810164728972865, 40.39922096642488], [49.812765715943996, 40.39458807757047], [49.81912583896539, 40.393892067389984], [49.822885952635666, 40.39782904563433], [49.82028544059552, 40.40246236958801], [49.81392433984218, 40.40315828019234], [49.810164728972865, 40.39922096642488]]]}, "properties": {"h3": "882ce5803dfffff"}}, {"type": "Feature", "id": "882ce58041fffff", "geometry": {"type": "Polygon", "coordinates": [[[49.76419159245445, 40.4172817746603], [49.76679620460791, 40.41265044706543], [49.77315677100818, 40.41195741984903], [49.77691370321914, 40.415895820711924], [49.7743095648022, 40.420527583744516], [49.76794802032579, 40.42122051047069], [49.76419159245445, 40.4172817746603]]]}, "properties": {"h3": "882ce58041fffff"}}, {"type": "Feature", "id": "882ce58043fffff", "geometry": {"type": "Polygon", "coordinates": [[[49.7743095648022, 40.420527583744516], [49.77691370321914, 40.415895820711924], [49.78327496398237, 40.41520227701957], [49.78703306446072, 40.41914059666393], [49.7844294001614, 40.42377279506772], [49.778067161154105, 40.42446623845014], [49.7743095648022, 40.420527583744516]]]}, "properties": {"h3": "882ce58043fffff"}}, {"type": "Feature", "id": "882ce58049fffff", "geometry": {"type": "Polygon", "coordinates": [[[49.75522534284077, 40.42260523039528], [49.757830742757776, 40.417974184956506], [49.76419159245445, 40.4172817746603], [49.76794802032579, 40.42122051047069], [49.76534309394153, 40.42585199141492], [49.75898126604117, 40.42654430103748], [49.75522534284077, 40.42260523039528]]]}, "properties": {"h3": "882ce58049fffff"}}, {"type": "Feature", "id": "882ce5804bfffff", "geometry": {"type": "Polygon", "coordinates": [[[49.76534309394153, 40.42585199141492], [49.76794802032579, 40.42122051047069], [49.7743095648022, 40.420527583744516], [49.778067161154105, 40.42446623845014], [49.775462708683705, 40.42909815483337], [49.76910018583551, 40.42979098106618], [49.76534309394153, 40.42585199141492]]]}, "properties": {"h3": "882ce5804bfffff"}}, {"type": "Feature", "id": "882ce58051fffff", "geometry": {"type": "Polygon", "coordinates": [[[49.78558418695073, 40.43234372013145], [49.788188165126, 40.42771136837579], [49.79455109841504, 40.42701740811085], [49.79831103212432, 40.43095589972845], [49.79570752862548, 40.43558868678992], [49.78934361662884, 40.43628254692223], [49.78558418695073, 40.43234372013145]]]}, "properties": {"h3": "882ce58051fffff"}}, {"type": "Feature", "id": "882ce58053fffff", "geometry": {"type": "Polygon", "coordinates": [[[49.79570752862548, 40.43558868678992], [49.79831103212432, 40.43095589972845], [49.80467465944565, 40.430261422354775], [49.808435762031344, 40.434199831988934], [49.805832733590414, 40.438833054289425], [49.799468127393766, 40.439527431710985], [49.79570752862548, 40.43558868678992]]]}, "properties": {"h3": "882ce58053fffff"}}, {"type": "Feature", "id": "882ce58055fffff", "geometry": {"type": "Polygon", "coordinates": [[[49.7844294001614, 40.42377279506772], [49.78703306446072, 40.41914059666393], [49.793395019337936, 40.418446536269435], [49.79715428821561, 40.4223847744025], [49.79455109841504, 40.42701740811085], [49.788188165126, 40.42771136837579], [49.7844294001614, 40.42377279506772]]]}, "properties": {"h3": "882ce58055fffff"}}, {"type": "Feature", "id": "882ce58057fffff", "geometry": {"type": "Polygon", "coordinates": [[[49.79455109841504, 40.42701740811085], [49.79715428821561, 40.4223847744025], [49.80351693695747, 40.42169019707968], [49.807277374366194, 40.4256283534086], [49.80467465944565, 40.430261422354775], [49.79831103212432, 40.43095589972845], [49.79455109841504, 40.42701740811085]]]}, "properties": {"h3": "882ce58057fffff"}}, {"type": "Feature", "id": "882ce58059fffff", "geometry": {"type": "Polygon", "coordinates": [[[49.776616202811255, 40.43766913275063], [49.77922096940366, 40.43303706320083], [49.78558418695073, 40.43234372013145], [49.78934361662884, 40.43628254692223], [49.786739324509156, 40.440915051845685], [49.7803751281265, 40.44160829459893], [49.776616202811255, 40.43766913275063]]]}, "properties": {"h3": "882ce58059fffff"}}, {"type": "Feature", "id": "882ce5805dfffff", "geometry": {"type": "Polygon", "coordinates": [[[49.775462708683705, 40.42909815483337], [49.778067161154105, 40.42446623845014], [49.7844294001614, 40.42377279506772], [49.788188165126, 40.42771136837579], [49.78558418695073, 40.43234372013145], [49.77922096940366, 40.43303706320083], [49.775462708683705, 40.42909815483337]]]}, "properties": {"h3": "882ce5805dfffff"}}, {"type": "Feature", "id": "882ce58061fffff", "geometry": {"type": "Polygon", "coordinates": [[[49.77085223304876, 40.394818315097595], [49.773455429716485, 40.390187013220945], [49.779813757520465, 40.389493168617776], [49.78356986590258, 40.39343072618585], [49.78096714282048, 40.39806246342978], [49.77460783765877, 40.39875620773255], [49.77085223304876, 40.394818315097595]]]}, "properties": {"h3": "882ce58061fffff"}}, {"type": "Feature", "id": "882ce58063fffff", "geometry": {"type": "Polygon", "coordinates": [[[49.78096714282048, 40.39806246342978], [49.78356986590258, 40.39343072618585], [49.78992888731752, 40.39273636542126], [49.793686163063825, 40.39667384201504], [49.791083913948, 40.401306014559715], [49.7847239150077, 40.402000275204095], [49.78096714282048, 40.39806246342978]]]}, "properties": {"h3": "882ce58063fffff"}}, {"type": "Feature", "id": "882ce58067fffff", "geometry": {"type": "Polygon", "coordinates": [[[49.779813757520465, 40.389493168617776], [49.78241616700029, 40.3848615854617], [49.78877421118513, 40.38416712458008], [49.79253082300839, 40.388104346965775], [49.78992888731752, 40.39273636542126], [49.78356986590258, 40.39343072618585], [49.779813757520465, 40.389493168617776]]]}, "properties": {"h3": "882ce58067fffff"}}, {"type": "Feature", "id": "882ce5806bfffff", "geometry": {"type": "Polygon", "coordinates": [[[49.77200432714316, 40.40338766351181], [49.77460783765877, 40.39875620773255], [49.78096714282048, 40.39806246342978], [49.7847239150077, 40.402000275204095], [49.78212087825495, 40.40663216635196], [49.77576059544018, 40.40732581035112], [49.77200432714316, 40.40338766351181]]]}, "properties": {"h3": "882ce5806bfffff"}}, {"type": "Feature", "id": "882ce58081fffff", "geometry": {"type": "Polygon", "coordinates": [[[49.86312030449965, 40.432566633278235], [49.86571953743185, 40.427931261586465], [49.87208507761052, 40.4272328620743], [49.87585236390177, 40.43116993292688], [49.87325360816331, 40.4358057393845], [49.86688708882766, 40.43650404021811], [49.86312030449965, 40.432566633278235]]]}, "properties": {"h3": "882ce58081fffff"}}, {"type": "Feature", "id": "882ce58083fffff", "geometry": {"type": "Polygon", "coordinates": [[[49.87325360816331, 40.4358057393845], [49.87585236390177, 40.43116993292688], [49.88221859560692, 40.43047101503959], [49.88598705078475, 40.43440800210196], [49.88338877262172, 40.439044243257975], [49.877021561593196, 40.43974306264764], [49.87325360816331, 40.4358057393845]]]}, "properties": {"h3": "882ce58083fffff"}}, {"type": "Feature", "id": "882ce58085fffff", "geometry": {"type": "Polygon", "coordinates": [[[49.86195341989717, 40.423994107237036], [49.86455234058276, 40.419358889458756], [49.870916901900245, 40.41866039127074], [49.87468352128117, 40.42259720953124], [49.87208507761052, 40.4272328620743], [49.86571953743185, 40.427931261586465], [49.86195341989717, 40.423994107237036]]]}, "properties": {"h3": "882ce58085fffff"}}, {"type": "Feature", "id": "882ce58087fffff", "geometry": {"type": "Polygon", "coordinates": [[[49.87208507761052, 40.4272328620743], [49.87468352128117, 40.42259720953124], [49.88104877395877, 40.421898193149005], [49.884816561881095, 40.42583492779921], [49.88221859560692, 40.43047101503959], [49.87585236390177, 40.43116993292688], [49.87208507761052, 40.4272328620743]]]}, "properties": {"h3": "882ce58087fffff"}}, {"type": "Feature", "id": "882ce58089fffff", "geometry": {"type": "Polygon", "coordinates": [[[49.85415445487115, 40.43789950636856], [49.85675447710846, 40.433264415781736], [49.86312030449965, 40.432566633278235], [49.86688708882766, 40.43650404021811], [49.864287543581206, 40.44113956563923], [49.85792073690368, 40.44183724928057], [49.85415445487115, 40.43789950636856]]]}, "properties": {"h3": "882ce58089fffff"}}, {"type": "Feature", "id": "882ce5808bfffff", "geometry": {"type": "Polygon", "coordinates": [[[49.864287543581206, 40.44113956563923], [49.86688708882766, 40.43650404021811], [49.87325360816331, 40.4358057393845], [49.877021561593196, 40.43974306264764], [49.87442249371936, 40.44437902283567], [49.86805499493078, 40.44507722498804], [49.864287543581206, 40.44113956563923]]]}, "properties": {"h3": "882ce5808bfffff"}}, {"type": "Feature", "id": "882ce5808dfffff", "geometry": {"type": "Polygon", "coordinates": [[[49.852988861752074, 40.42932692545851], [49.85558857149642, 40.424691988599946], [49.86195341989717, 40.423994107237036], [49.86571953743185, 40.427931261586465], [49.86312030449965, 40.432566633278235], [49.85675447710846, 40.433264415781736], [49.852988861752074, 40.42932692545851]]]}, "properties": {"h3": "882ce5808dfffff"}}, {"type": "Feature", "id": "882ce58091fffff", "geometry": {"type": "Polygon", "coordinates": [[[49.88455930516415, 40.44761787743835], [49.887157895283515, 40.44298148255095], [49.89352579775302, 40.44228214437925], [49.897296089776546, 40.44621929940853], [49.89469797779364, 40.450856128927704], [49.88832909553847, 40.45155536878028], [49.88455930516415, 40.44761787743835]]]}, "properties": {"h3": "882ce58091fffff"}}, {"type": "Feature", "id": "882ce58093fffff", "geometry": {"type": "Polygon", "coordinates": [[[49.89469797779364, 40.450856128927704], [49.897296089776546, 40.44621929940853], [49.90366468343485, 40.44551944222887], [49.907436144949756, 40.44945651270083], [49.90483851148536, 40.45409377678407], [49.89846893787521, 40.45479353582576], [49.89469797779364, 40.450856128927704]]]}, "properties": {"h3": "882ce58093fffff"}}, {"type": "Feature", "id": "882ce58095fffff", "geometry": {"type": "Polygon", "coordinates": [[[49.88338877262172, 40.439044243257975], [49.88598705078475, 40.43440800210196], [49.892353973764614, 40.433708565613706], [49.896123597958834, 40.43764546859245], [49.89352579775302, 40.44228214437925], [49.887157895283515, 40.44298148255095], [49.88338877262172, 40.439044243257975]]]}, "properties": {"h3": "882ce58095fffff"}}, {"type": "Feature", "id": "882ce58097fffff", "geometry": {"type": "Polygon", "coordinates": [[[49.89352579775302, 40.44228214437925], [49.896123597958834, 40.43764546859245], [49.90249121196136, 40.436945513277344], [49.90626200530154, 40.44088233187897], [49.90366468343485, 40.44551944222887], [49.897296089776546, 40.44621929940853], [49.89352579775302, 40.44228214437925]]]}, "properties": {"h3": "882ce58097fffff"}}, {"type": "Feature", "id": "882ce58099fffff", "geometry": {"type": "Polygon", "coordinates": [[[49.87559173443948, 40.45295271206198], [49.87819111451626, 40.448316598327814], [49.88455930516415, 40.44761787743835], [49.88832909553847, 40.45155536878028], [49.88573019339531, 40.456191917214824], [49.87936102283191, 40.456890539601496], [49.87559173443948, 40.45295271206198]]]}, "properties": {"h3": "882ce58099fffff"}}, {"type": "Feature", "id": "882ce5809dfffff", "geometry": {"type": "Polygon", "coordinates": [[[49.87442249371936, 40.44437902283567], [49.877021561593196, 40.43974306264764], [49.88338877262172, 40.439044243257975], [49.887157895283515, 40.44298148255095], [49.88455930516415, 40.44761787743835], [49.87819111451626, 40.448316598327814], [49.87442249371936, 40.44437902283567]]]}, "properties": {"h3": "882ce5809dfffff"}}, {"type": "Feature", "id": "882ce580a1fffff", "geometry": {"type": "Polygon", "coordinates": [[[49.86974908087186, 40.41008832733937], [49.872346900609465, 40.40545298317786], [49.87871019611905, 40.40475376981375], [49.882476650215175, 40.40868999909517], [49.87987930751641, 40.413325777951876], [49.87351503357062, 40.41402489282638], [49.86974908087186, 40.41008832733937]]]}, "properties": {"h3": "882ce580a1fffff"}}, {"type": "Feature", "id": "882ce580a3fffff", "geometry": {"type": "Polygon", "coordinates": [[[49.87987930751641, 40.413325777951876], [49.882476650215175, 40.40868999909517], [49.88884063650104, 40.407990267672844], [49.89260825857834, 40.41192641341038], [49.89001139329969, 40.41656262689477], [49.88364642841153, 40.417262260008386], [49.87987930751641, 40.413325777951876]]]}, "properties": {"h3": "882ce580a3fffff"}}, {"type": "Feature", "id": "882ce580a5fffff", "geometry": {"type": "Polygon", "coordinates": [[[49.86858161436482, 40.401516670645684], [49.871179122237166, 40.396881480951066], [49.87754143960599, 40.39618216910013], [49.88130722713123, 40.400118145425054], [49.87871019611905, 40.40475376981375], [49.872346900609465, 40.40545298317786], [49.86858161436482, 40.401516670645684]]]}, "properties": {"h3": "882ce580a5fffff"}}, {"type": "Feature", "id": "882ce580a7fffff", "geometry": {"type": "Polygon", "coordinates": [[[49.87871019611905, 40.40475376981375], [49.88130722713123, 40.400118145425054], [49.88767023511028, 40.399418315696714], [49.89143719027193, 40.403354208657525], [49.88884063650104, 40.407990267672844], [49.882476650215175, 40.40868999909517], [49.87871019611905, 40.40475376981375]]]}, "properties": {"h3": "882ce580a7fffff"}}, {"type": "Feature", "id": "882ce580a9fffff", "geometry": {"type": "Polygon", "coordinates": [[[49.860786889613266, 40.41542198788117], [49.86338549811989, 40.410786924200515], [49.86974908087186, 40.41008832733937], [49.87351503357062, 40.41402489282638], [49.870916901900245, 40.41866039127074], [49.86455234058276, 40.419358889458756], [49.860786889613266, 40.41542198788117]]]}, "properties": {"h3": "882ce580a9fffff"}}, {"type": "Feature", "id": "882ce580abfffff", "geometry": {"type": "Polygon", "coordinates": [[[49.870916901900245, 40.41866039127074], [49.87351503357062, 40.41402489282638], [49.87987930751641, 40.413325777951876], [49.88364642841153, 40.417262260008386], [49.88104877395877, 40.421898193149005], [49.87468352128117, 40.42259720953124], [49.870916901900245, 40.41866039127074]]]}, "properties": {"h3": "882ce580abfffff"}}, {"type": "Feature", "id": "882ce580adfffff", "geometry": {"type": "Polygon", "coordinates": [[[49.859620713487544, 40.40685027557613], [49.86221900988283, 40.4022153661772], [49.86858161436482, 40.401516670645684], [49.872346900609465, 40.40545298317786], [49.86974908087186, 40.41008832733937], [49.86338549811989, 40.410786924200515], [49.859620713487544, 40.40685027557613]]]}, "properties": {"h3": "882ce580adfffff"}}, {"type": "Feature", "id": "882ce580b1fffff", "geometry": {"type": "Polygon", "coordinates": [[[49.89118250566722, 40.42513539299696], [49.893779682520915, 40.420499025227585], [49.90014533809968, 40.41979887364919], [49.90391479577652, 40.423735187965], [49.901318096903424, 40.42837199029549], [49.89495146226069, 40.42907204374352], [49.89118250566722, 40.42513539299696]]]}, "properties": {"h3": "882ce580b1fffff"}}, {"type": "Feature", "id": "882ce580b3fffff", "geometry": {"type": "Polygon", "coordinates": [[[49.901318096903424, 40.42837199029549], [49.90391479577652, 40.423735187965], [49.91028114179382, 40.42303451769615], [49.914051768055636, 40.42697074770156], [49.91145554754477, 40.431607984525456], [49.905088222297636, 40.43230855684504], [49.901318096903424, 40.42837199029549]]]}, "properties": {"h3": "882ce580b3fffff"}}, {"type": "Feature", "id": "882ce580b5fffff", "geometry": {"type": "Polygon", "coordinates": [[[49.89001139329969, 40.41656262689477], [49.89260825857834, 40.41192641341038], [49.89897293538885, 40.41122616370423], [49.90274172557683, 40.4151622256047], [49.90014533809968, 40.41979887364919], [49.893779682520915, 40.420499025227585], [49.89001139329969, 40.41656262689477]]]}, "properties": {"h3": "882ce580b5fffff"}}, {"type": "Feature", "id": "882ce580b7fffff", "geometry": {"type": "Polygon", "coordinates": [[[49.90014533809968, 40.41979887364919], [49.90274172557683, 40.4151622256047], [49.90910709266006, 40.41446145738911], [49.91287705108803, 40.41839743515923], [49.91028114179382, 40.42303451769615], [49.90391479577652, 40.423735187965], [49.90014533809968, 40.41979887364919]]]}, "properties": {"h3": "882ce580b7fffff"}}, {"type": "Feature", "id": "882ce580b9fffff", "geometry": {"type": "Polygon", "coordinates": [[[49.88221859560692, 40.43047101503959], [49.884816561881095, 40.42583492779921], [49.89118250566722, 40.42513539299696], [49.89495146226069, 40.42907204374352], [49.892353973764614, 40.433708565613706], [49.88598705078475, 40.43440800210196], [49.88221859560692, 40.43047101503959]]]}, "properties": {"h3": "882ce580b9fffff"}}, {"type": "Feature", "id": "882ce580bbfffff", "geometry": {"type": "Polygon", "coordinates": [[[49.892353973764614, 40.433708565613706], [49.89495146226069, 40.42907204374352], [49.901318096903424, 40.42837199029549], [49.905088222297636, 40.43230855684504], [49.90249121196136, 40.436945513277344], [49.896123597958834, 40.43764546859245], [49.892353973764614, 40.433708565613706]]]}, "properties": {"h3": "882ce580bbfffff"}}, {"type": "Feature", "id": "882ce580bdfffff", "geometry": {"type": "Polygon", "coordinates": [[[49.88104877395877, 40.421898193149005], [49.88364642841153, 40.417262260008386], [49.89001139329969, 40.41656262689477], [49.893779682520915, 40.420499025227585], [49.89118250566722, 40.42513539299696], [49.884816561881095, 40.42583492779921], [49.88104877395877, 40.421898193149005]]]}, "properties": {"h3": "882ce580bdfffff"}}, {"type": "Feature", "id": "882ce580c1fffff", "geometry": {"type": "Polygon", "coordinates": [[[49.83505651801682, 40.43998986709884], [49.8376578060087, 40.43535549284053], [49.84402322771015, 40.43465884554308], [49.84778834055611, 40.4385966717249], [49.84518752897028, 40.44323148095314], [49.83882112802023, 40.443928029023965], [49.83505651801682, 40.43998986709884]]]}, "properties": {"h3": "882ce580c1fffff"}}, {"type": "Feature", "id": "882ce580c3fffff", "geometry": {"type": "Polygon", "coordinates": [[[49.84518752897028, 40.44323148095314], [49.84778834055611, 40.4385966717249], [49.85415445487115, 40.43789950636856], [49.85792073690368, 40.44183724928057], [49.85532040210566, 40.44647249341147], [49.84895330837508, 40.44716955972204], [49.84518752897028, 40.44323148095314]]]}, "properties": {"h3": "882ce580c3fffff"}}, {"type": "Feature", "id": "882ce580c5fffff", "geometry": {"type": "Polygon", "coordinates": [[[49.8338938622186, 40.4314175836822], [49.83649483729269, 40.4267833629658], [49.84285928004141, 40.42608661644457], [49.846623726556636, 40.43002418985787], [49.84402322771015, 40.43465884554308], [49.8376578060087, 40.43535549284053], [49.8338938622186, 40.4314175836822]]]}, "properties": {"h3": "882ce580c5fffff"}}, {"type": "Feature", "id": "882ce580c7fffff", "geometry": {"type": "Polygon", "coordinates": [[[49.84402322771015, 40.43465884554308], [49.846623726556636, 40.43002418985787], [49.852988861752074, 40.42932692545851], [49.85675447710846, 40.433264415781736], [49.85415445487115, 40.43789950636856], [49.84778834055611, 40.4385966717249], [49.84402322771015, 40.43465884554308]]]}, "properties": {"h3": "882ce580c7fffff"}}, {"type": "Feature", "id": "882ce580c9fffff", "geometry": {"type": "Polygon", "coordinates": [[[49.826088732917825, 40.445319989733974], [49.82869081009827, 40.440685897156094], [49.83505651801682, 40.43998986709884], [49.83882112802023, 40.443928029023965], [49.83621952704256, 40.448562556640006], [49.829852839746486, 40.449258487287075], [49.826088732917825, 40.445319989733974]]]}, "properties": {"h3": "882ce580c9fffff"}}, {"type": "Feature", "id": "882ce580cdfffff", "geometry": {"type": "Polygon", "coordinates": [[[49.8249273693653, 40.436747652368076], [49.82752913338159, 40.432113713146805], [49.8338938622186, 40.4314175836822], [49.8376578060087, 40.43535549284053], [49.83505651801682, 40.43998986709884], [49.82869081009827, 40.440685897156094], [49.8249273693653, 40.436747652368076]]]}, "properties": {"h3": "882ce580cdfffff"}}, {"type": "Feature", "id": "882ce580d3fffff", "geometry": {"type": "Polygon", "coordinates": [[[49.866623085823946, 40.458286647857626], [49.869223255901915, 40.453650815530494], [49.87559173443948, 40.45295271206198], [49.87936102283191, 40.456890539601496], [49.8767613304846, 40.46152680669753], [49.87039187190185, 40.46222481147956], [49.866623085823946, 40.458286647857626]]]}, "properties": {"h3": "882ce580d3fffff"}}, {"type": "Feature", "id": "882ce580d5fffff", "geometry": {"type": "Polygon", "coordinates": [[[49.85532040210566, 40.44647249341147], [49.85792073690368, 40.44183724928057], [49.864287543581206, 40.44113956563923], [49.86805499493078, 40.44507722498804], [49.86545513730241, 40.4497129039543], [49.859087351042554, 40.450410488730775], [49.85532040210566, 40.44647249341147]]]}, "properties": {"h3": "882ce580d5fffff"}}, {"type": "Feature", "id": "882ce580d7fffff", "geometry": {"type": "Polygon", "coordinates": [[[49.86545513730241, 40.4497129039543], [49.86805499493078, 40.44507722498804], [49.87442249371936, 40.44437902283567], [49.87819111451626, 40.448316598327814], [49.87559173443948, 40.45295271206198], [49.869223255901915, 40.453650815530494], [49.86545513730241, 40.4497129039543]]]}, "properties": {"h3": "882ce580d7fffff"}}, {"type": "Feature", "id": "882ce580d9fffff", "geometry": {"type": "Polygon", "coordinates": [[[49.84751719290563, 40.46037796924523], [49.85011863017381, 40.45574285348363], [49.85648670361602, 40.45504588622155], [49.8602543196856, 40.458984133766585], [49.85765335956279, 40.46361968443294], [49.8512843061127, 40.46431655264387], [49.84751719290563, 40.46037796924523]]]}, "properties": {"h3": "882ce580d9fffff"}}, {"type": "Feature", "id": "882ce580e1fffff", "geometry": {"type": "Polygon", "coordinates": [[[49.841695685804, 40.417514794023035], [49.84429555937534, 40.412880445976285], [49.85065873721894, 40.41218298349927], [49.85442301990722, 40.416119968100794], [49.851823622588086, 40.420754751046914], [49.8454594662164, 40.42145211448652], [49.841695685804, 40.417514794023035]]]}, "properties": {"h3": "882ce580e1fffff"}}, {"type": "Feature", "id": "882ce580e3fffff", "geometry": {"type": "Polygon", "coordinates": [[[49.851823622588086, 40.420754751046914], [49.85442301990722, 40.416119968100794], [49.860786889613266, 40.41542198788117], [49.86455234058276, 40.419358889458756], [49.86195341989717, 40.423994107237036], [49.85558857149642, 40.424691988599946], [49.851823622588086, 40.420754751046914]]]}, "properties": {"h3": "882ce580e3fffff"}}, {"type": "Feature", "id": "882ce580e5fffff", "geometry": {"type": "Polygon", "coordinates": [[[49.840532444837905, 40.40894337864391], [49.8431320058734, 40.404309184692515], [49.849494205484504, 40.40361162318091], [49.853257822180595, 40.407548354649634], [49.85065873721894, 40.41218298349927], [49.84429555937534, 40.412880445976285], [49.840532444837905, 40.40894337864391]]]}, "properties": {"h3": "882ce580e5fffff"}}, {"type": "Feature", "id": "882ce580e7fffff", "geometry": {"type": "Polygon", "coordinates": [[[49.85065873721894, 40.41218298349927], [49.853257822180595, 40.407548354649634], [49.859620713487544, 40.40685027557613], [49.86338549811989, 40.410786924200515], [49.860786889613266, 40.41542198788117], [49.85442301990722, 40.416119968100794], [49.85065873721894, 40.41218298349927]]]}, "properties": {"h3": "882ce580e7fffff"}}, {"type": "Feature", "id": "882ce580e9fffff", "geometry": {"type": "Polygon", "coordinates": [[[49.832731559487975, 40.4228457067556], [49.83533222171221, 40.41821163976523], [49.841695685804, 40.417514794023035], [49.8454594662164, 40.42145211448652], [49.84285928004141, 40.42608661644457], [49.83649483729269, 40.4267833629658], [49.832731559487975, 40.4228457067556]]]}, "properties": {"h3": "882ce580e9fffff"}}, {"type": "Feature", "id": "882ce580ebfffff", "geometry": {"type": "Polygon", "coordinates": [[[49.84285928004141, 40.42608661644457], [49.8454594662164, 40.42145211448652], [49.851823622588086, 40.420754751046914], [49.85558857149642, 40.424691988599946], [49.852988861752074, 40.42932692545851], [49.846623726556636, 40.43002418985787], [49.84285928004141, 40.42608661644457]]]}, "properties": {"h3": "882ce580ebfffff"}}, {"type": "Feature", "id": "882ce580edfffff", "geometry": {"type": "Polygon", "coordinates": [[[49.83156960966511, 40.41427423668441], [49.83416995910741, 40.40964032360417], [49.840532444837905, 40.40894337864391], [49.84429555937534, 40.412880445976285], [49.841695685804, 40.417514794023035], [49.83533222171221, 40.41821163976523], [49.83156960966511, 40.41427423668441]]]}, "properties": {"h3": "882ce580edfffff"}}, {"type": "Feature", "id": "882ce5810bfffff", "geometry": {"type": "Polygon", "coordinates": [[[49.78531228419105, 40.35846185548584], [49.78791296686472, 40.353830455225825], [49.794267797604356, 40.353135078421644], [49.79802292177637, 40.357071201795726], [49.79542271256327, 40.361703037283164], [49.789066905605935, 40.36239831416331], [49.78531228419105, 40.35846185548584]]]}, "properties": {"h3": "882ce5810bfffff"}}, {"type": "Feature", "id": "882ce58111fffff", "geometry": {"type": "Polygon", "coordinates": [[[49.805534999497176, 40.36494362263649], [49.80813473486973, 40.360311351988265], [49.8144909499147, 40.35961494353388], [49.81824840602708, 40.36355090528577], [49.81564914487515, 40.36818361102808], [49.80929195327849, 40.3688799199187], [49.805534999497176, 40.36494362263649]]]}, "properties": {"h3": "882ce58111fffff"}}, {"type": "Feature", "id": "882ce58113fffff", "geometry": {"type": "Polygon", "coordinates": [[[49.81564914487515, 40.36818361102808], [49.81824840602708, 40.36355090528577], [49.824605312851254, 40.36285398066803], [49.82836393513016, 40.36678986117046], [49.82576514857902, 40.37142300194011], [49.81940726503642, 40.37211982717427], [49.81564914487515, 40.36818361102808]]]}, "properties": {"h3": "882ce58113fffff"}}, {"type": "Feature", "id": "882ce58115fffff", "geometry": {"type": "Polygon", "coordinates": [[[49.80437844479307, 40.3563753092792], [49.80697786743606, 40.35174319364211], [49.81333310622413, 40.35104668562709], [49.81708989851443, 40.35498239280404], [49.8144909499147, 40.35961494353388], [49.80813473486973, 40.360311351988265], [49.80437844479307, 40.3563753092792]]]}, "properties": {"h3": "882ce58115fffff"}}, {"type": "Feature", "id": "882ce58117fffff", "geometry": {"type": "Polygon", "coordinates": [[[49.8144909499147, 40.35961494353388], [49.81708989851443, 40.35498239280404], [49.823445828914956, 40.35428536880584], [49.8272037870277, 40.3582209949122], [49.824605312851254, 40.36285398066803], [49.81824840602708, 40.36355090528577], [49.8144909499147, 40.35961494353388]]]}, "properties": {"h3": "882ce58117fffff"}}, {"type": "Feature", "id": "882ce58119fffff", "geometry": {"type": "Polygon", "coordinates": [[[49.79657797790778, 40.370271405722484], [49.79917850009571, 40.36563941540909], [49.805534999497176, 40.36494362263649], [49.80929195327849, 40.3688799199187], [49.80669190510838, 40.373512345394246], [49.80033442902736, 40.37420803841971], [49.79657797790778, 40.370271405722484]]]}, "properties": {"h3": "882ce58119fffff"}}, {"type": "Feature", "id": "882ce5811bfffff", "geometry": {"type": "Polygon", "coordinates": [[[49.80669190510838, 40.373512345394246], [49.80929195327849, 40.3688799199187], [49.81564914487515, 40.36818361102808], [49.81940726503642, 40.37211982717427], [49.81680769126437, 40.37675268774526], [49.81044952282118, 40.37744889706892], [49.80669190510838, 40.373512345394246]]]}, "properties": {"h3": "882ce5811bfffff"}}, {"type": "Feature", "id": "882ce5811dfffff", "geometry": {"type": "Polygon", "coordinates": [[[49.79542271256327, 40.361703037283164], [49.79802292177637, 40.357071201795726], [49.80437844479307, 40.3563753092792], [49.80813473486973, 40.360311351988265], [49.805534999497176, 40.36494362263649], [49.79917850009571, 40.36563941540909], [49.79542271256327, 40.361703037283164]]]}, "properties": {"h3": "882ce5811dfffff"}}, {"type": "Feature", "id": "882ce58131fffff", "geometry": {"type": "Polygon", "coordinates": [[[49.812175613644584, 40.342478837672076], [49.81477393734361, 40.337846597518485], [49.821127915780714, 40.33714937476881], [49.82488454624163, 40.34108449154116], [49.82228669661112, 40.34571716671798], [49.815931742339565, 40.34641429009351], [49.812175613644584, 40.342478837672076]]]}, "properties": {"h3": "882ce58131fffff"}}, {"type": "Feature", "id": "882ce58133fffff", "geometry": {"type": "Polygon", "coordinates": [[[49.82228669661112, 40.34571716671798], [49.82488454624163, 40.34108449154116], [49.831239215708955, 40.340386752943246], [49.83499701143502, 40.34432178871046], [49.83239963625279, 40.34895489884372], [49.82604399078455, 40.34965253824764], [49.82228669661112, 40.34571716671798]]]}, "properties": {"h3": "882ce58133fffff"}}, {"type": "Feature", "id": "882ce58137fffff", "geometry": {"type": "Polygon", "coordinates": [[[49.821127915780714, 40.33714937476881], [49.82372545323993, 40.33251685515708], [49.83007914700078, 40.33181901736831], [49.8338362788973, 40.335753798376444], [49.831239215708955, 40.340386752943246], [49.82488454624163, 40.34108449154116], [49.821127915780714, 40.33714937476881]]]}, "properties": {"h3": "882ce58137fffff"}}, {"type": "Feature", "id": "882ce58139fffff", "geometry": {"type": "Polygon", "coordinates": [[[49.80322224083738, 40.34780740568672], [49.805821350818825, 40.34317544524451], [49.812175613644584, 40.342478837672076], [49.815931742339565, 40.34641429009351], [49.81333310622413, 40.35104668562709], [49.80697786743606, 40.35174319364211], [49.80322224083738, 40.34780740568672]]]}, "properties": {"h3": "882ce58139fffff"}}, {"type": "Feature", "id": "882ce5813bfffff", "geometry": {"type": "Polygon", "coordinates": [[[49.81333310622413, 40.35104668562709], [49.815931742339565, 40.34641429009351], [49.82228669661112, 40.34571716671798], [49.82604399078455, 40.34965253824764], [49.823445828914956, 40.35428536880584], [49.81708989851443, 40.35498239280404], [49.81333310622413, 40.35104668562709]]]}, "properties": {"h3": "882ce5813bfffff"}}, {"type": "Feature", "id": "882ce5813dfffff", "geometry": {"type": "Polygon", "coordinates": [[[49.80206638747149, 40.33923991222335], [49.804665184859374, 40.33460810715973], [49.81101847201731, 40.33391140003309], [49.81477393734361, 40.337846597518485], [49.812175613644584, 40.342478837672076], [49.805821350818825, 40.34317544524451], [49.80206638747149, 40.33923991222335]]]}, "properties": {"h3": "882ce5813dfffff"}}, {"type": "Feature", "id": "882ce58151fffff", "geometry": {"type": "Polygon", "coordinates": [[[49.77750803669014, 40.37235580478265], [49.78010981917054, 40.367724530353954], [49.786465909780325, 40.36702986924793], [49.790221194438, 40.37096658267538], [49.787619885392225, 40.37559829240079], [49.78126281814241, 40.37629285339623], [49.77750803669014, 40.37235580478265]]]}, "properties": {"h3": "882ce58151fffff"}}, {"type": "Feature", "id": "882ce58153fffff", "geometry": {"type": "Polygon", "coordinates": [[[49.787619885392225, 40.37559829240079], [49.790221194438, 40.37096658267538], [49.79657797790778, 40.370271405722484], [49.80033442902736, 40.37420803841971], [49.79773359379644, 40.37884018337527], [49.79137583351932, 40.37953526039769], [49.787619885392225, 40.37559829240079]]]}, "properties": {"h3": "882ce58153fffff"}}, {"type": "Feature", "id": "882ce58155fffff", "geometry": {"type": "Polygon", "coordinates": [[[49.77635570084325, 40.36378773648848], [49.778957169926464, 40.359156616699174], [49.78531228419105, 40.35846185548584], [49.789066905605935, 40.36239831416331], [49.786465909780325, 40.36702986924793], [49.78010981917054, 40.367724530353954], [49.77635570084325, 40.36378773648848]]]}, "properties": {"h3": "882ce58155fffff"}}, {"type": "Feature", "id": "882ce58157fffff", "geometry": {"type": "Polygon", "coordinates": [[[49.786465909780325, 40.36702986924793], [49.789066905605935, 40.36239831416331], [49.79542271256327, 40.361703037283164], [49.79917850009571, 40.36563941540909], [49.79657797790778, 40.370271405722484], [49.790221194438, 40.37096658267538], [49.786465909780325, 40.36702986924793]]]}, "properties": {"h3": "882ce58157fffff"}}, {"type": "Feature", "id": "882ce5815bfffff", "geometry": {"type": "Polygon", "coordinates": [[[49.778660722196456, 40.38092428228057], [49.78126281814241, 40.37629285339623], [49.787619885392225, 40.37559829240079], [49.79137583351932, 40.37953526039769], [49.78877421118513, 40.38416712458008], [49.78241616700029, 40.3848615854617], [49.778660722196456, 40.38092428228057]]]}, "properties": {"h3": "882ce5815bfffff"}}, {"type": "Feature", "id": "882ce58181fffff", "geometry": {"type": "Polygon", "coordinates": [[[49.85495954736223, 40.37256750416955], [49.85755659598787, 40.367933213737444], [49.86391529034273, 40.367234123552734], [49.86767791304922, 40.371169422453505], [49.86508134036784, 40.375804147643464], [49.858721668923856, 40.3765031391692], [49.85495954736223, 40.37256750416955]]]}, "properties": {"h3": "882ce58181fffff"}}, {"type": "Feature", "id": "882ce58183fffff", "geometry": {"type": "Polygon", "coordinates": [[[49.86508134036784, 40.375804147643464], [49.86767791304922, 40.371169422453505], [49.874037297767266, 40.37046981515876], [49.8778010869472, 40.37440503152689], [49.87520499059055, 40.379040191407476], [49.86884462861737, 40.37973970022375], [49.86508134036784, 40.375804147643464]]]}, "properties": {"h3": "882ce58183fffff"}}, {"type": "Feature", "id": "882ce58185fffff", "geometry": {"type": "Polygon", "coordinates": [[[49.85379513962501, 40.36399783259662], [49.8563918764771, 40.35936369736601], [49.862749594037695, 40.3586645085252], [49.86651155142867, 40.362599553565474], [49.86391529034273, 40.367234123552734], [49.85755659598787, 40.367933213737444], [49.85379513962501, 40.36399783259662]]]}, "properties": {"h3": "882ce58185fffff"}}, {"type": "Feature", "id": "882ce58187fffff", "geometry": {"type": "Polygon", "coordinates": [[[49.86391529034273, 40.367234123552734], [49.86651155142867, 40.362599553565474], [49.87286995918651, 40.36189984779517], [49.87663308270676, 40.36583481048212], [49.874037297767266, 40.37046981515876], [49.86767791304922, 40.371169422453505], [49.86391529034273, 40.367234123552734]]]}, "properties": {"h3": "882ce58187fffff"}}, {"type": "Feature", "id": "882ce58189fffff", "geometry": {"type": "Polygon", "coordinates": [[[49.84600273048943, 40.37789998925355], [49.84860056669805, 40.37326597863011], [49.85495954736223, 40.37256750416955], [49.858721668923856, 40.3765031391692], [49.85612430845715, 40.38113758461891], [49.849764350575036, 40.38183596023705], [49.84600273048943, 40.37789998925355]]]}, "properties": {"h3": "882ce58189fffff"}}, {"type": "Feature", "id": "882ce5818bfffff", "geometry": {"type": "Polygon", "coordinates": [[[49.85612430845715, 40.38113758461891], [49.858721668923856, 40.3765031391692], [49.86508134036784, 40.375804147643464], [49.86884462861737, 40.37973970022375], [49.86624774427311, 40.384374580432564], [49.859887095444996, 40.3850734732964], [49.85612430845715, 40.38113758461891]]]}, "properties": {"h3": "882ce5818bfffff"}}, {"type": "Feature", "id": "882ce5818dfffff", "geometry": {"type": "Polygon", "coordinates": [[[49.84483961169429, 40.36933026150371], [49.847437135883816, 40.36469640589666], [49.85379513962501, 40.36399783259662], [49.85755659598787, 40.367933213737444], [49.85495954736223, 40.37256750416955], [49.84860056669805, 40.37326597863011], [49.84483961169429, 40.36933026150371]]]}, "properties": {"h3": "882ce5818dfffff"}}, {"type": "Feature", "id": "882ce58191fffff", "geometry": {"type": "Polygon", "coordinates": [[[49.87637303781666, 40.38761097617629], [49.878969445657795, 40.38297566127569], [49.8853304979093, 40.382275634943454], [49.88909611992388, 40.38621102180682], [49.88650018896662, 40.39084677133181], [49.88013815899895, 40.391546699363474], [49.87637303781666, 40.38761097617629]]]}, "properties": {"h3": "882ce58191fffff"}}, {"type": "Feature", "id": "882ce58193fffff", "geometry": {"type": "Polygon", "coordinates": [[[49.88650018896662, 40.39084677133181], [49.88909611992388, 40.38621102180682], [49.8954578622025, 40.38551047773324], [49.899224651293814, 40.38944578129891], [49.89662919760128, 40.39408196538077], [49.89026647744071, 40.39478241133455], [49.88650018896662, 40.39084677133181]]]}, "properties": {"h3": "882ce58193fffff"}}, {"type": "Feature", "id": "882ce58195fffff", "geometry": {"type": "Polygon", "coordinates": [[[49.87520499059055, 40.379040191407476], [49.8778010869472, 40.37440503152689], [49.884161161777676, 40.37370490689686], [49.88792611756064, 40.37764004043963], [49.8853304979093, 40.382275634943454], [49.878969445657795, 40.38297566127569], [49.87520499059055, 40.379040191407476]]]}, "properties": {"h3": "882ce58195fffff"}}, {"type": "Feature", "id": "882ce58197fffff", "geometry": {"type": "Polygon", "coordinates": [[[49.8853304979093, 40.382275634943454], [49.88792611756064, 40.37764004043963], [49.894286882252466, 40.376939398248986], [49.89805300476783, 40.380874448673666], [49.8954578622025, 40.38551047773324], [49.88909611992388, 40.38621102180682], [49.8853304979093, 40.382275634943454]]]}, "properties": {"h3": "882ce58197fffff"}}, {"type": "Feature", "id": "882ce58199fffff", "geometry": {"type": "Polygon", "coordinates": [[[49.86741450221868, 40.39294542155501], [49.870011698293254, 40.38831038651131], [49.87637303781666, 40.38761097617629], [49.88013815899895, 40.391546699363474], [49.87754143960599, 40.39618216910013], [49.871179122237166, 40.396881480951066], [49.86741450221868, 40.39294542155501]]]}, "properties": {"h3": "882ce58199fffff"}}, {"type": "Feature", "id": "882ce5819bfffff", "geometry": {"type": "Polygon", "coordinates": [[[49.87754143960599, 40.39618216910013], [49.88013815899895, 40.391546699363474], [49.88650018896662, 40.39084677133181], [49.89026647744071, 40.39478241133455], [49.88767023511028, 40.399418315696714], [49.88130722713123, 40.400118145425054], [49.87754143960599, 40.39618216910013]]]}, "properties": {"h3": "882ce5819bfffff"}}, {"type": "Feature", "id": "882ce5819dfffff", "geometry": {"type": "Polygon", "coordinates": [[[49.86624774427311, 40.384374580432564], [49.86884462861737, 40.37973970022375], [49.87520499059055, 40.379040191407476], [49.878969445657795, 40.38297566127569], [49.87637303781666, 40.38761097617629], [49.870011698293254, 40.38831038651131], [49.86624774427311, 40.384374580432564]]]}, "properties": {"h3": "882ce5819dfffff"}}, {"type": "Feature", "id": "882ce581a1fffff", "geometry": {"type": "Polygon", "coordinates": [[[49.861584251292825, 40.350095302925666], [49.86417988939013, 40.345461043895384], [49.87053634411181, 40.344761141182666], [49.87429813699519, 40.34869559596436], [49.87170297468804, 40.353330289681566], [49.865345543595645, 40.354030093924536], [49.861584251292825, 40.350095302925666]]]}, "properties": {"h3": "882ce581a1fffff"}}, {"type": "Feature", "id": "882ce581a3fffff", "geometry": {"type": "Polygon", "coordinates": [[[49.87170297468804, 40.353330289681566], [49.87429813699519, 40.34869559596436], [49.88065528133199, 40.34799517645791], [49.88441823978635, 40.35192954895234], [49.881823553649426, 40.35656467728917], [49.875465432776174, 40.357264998506345], [49.87170297468804, 40.353330289681566]]]}, "properties": {"h3": "882ce581a3fffff"}}, {"type": "Feature", "id": "882ce581a5fffff", "geometry": {"type": "Polygon", "coordinates": [[[49.8604192619482, 40.34152650711877], [49.86301458865227, 40.336892403842654], [49.86937006729776, 40.33619240266313], [49.87313119520371, 40.3401266032209], [49.87053634411181, 40.344761141182666], [49.86417988939013, 40.345461043895384], [49.8604192619482, 40.34152650711877]]]}, "properties": {"h3": "882ce581a5fffff"}}, {"type": "Feature", "id": "882ce581a7fffff", "geometry": {"type": "Polygon", "coordinates": [[[49.87053634411181, 40.344761141182666], [49.87313119520371, 40.3401266032209], [49.879487363298644, 40.33942608542808], [49.88324965643186, 40.343360203877786], [49.88065528133199, 40.34799517645791], [49.87429813699519, 40.34869559596436], [49.87053634411181, 40.344761141182666]]]}, "properties": {"h3": "882ce581a7fffff"}}, {"type": "Feature", "id": "882ce581a9fffff", "geometry": {"type": "Polygon", "coordinates": [[[49.852631085085655, 40.35542857026489], [49.85522751023171, 40.350794590419596], [49.861584251292825, 40.350095302925666], [49.865345543595645, 40.354030093924536], [49.862749594037695, 40.3586645085252], [49.8563918764771, 40.35936369736601], [49.852631085085655, 40.35542857026489]]]}, "properties": {"h3": "882ce581a9fffff"}}, {"type": "Feature", "id": "882ce581abfffff", "geometry": {"type": "Polygon", "coordinates": [[[49.862749594037695, 40.3586645085252], [49.865345543595645, 40.354030093924536], [49.87170297468804, 40.353330289681566], [49.875465432776174, 40.357264998506345], [49.87286995918651, 40.36189984779517], [49.86651155142867, 40.362599553565474], [49.862749594037695, 40.3586645085252]]]}, "properties": {"h3": "882ce581abfffff"}}, {"type": "Feature", "id": "882ce581adfffff", "geometry": {"type": "Polygon", "coordinates": [[[49.85146738358448, 40.346859717539026], [49.854063497091985, 40.34222589326286], [49.8604192619482, 40.34152650711877], [49.86417988939013, 40.345461043895384], [49.861584251292825, 40.350095302925666], [49.85522751023171, 40.350794590419596], [49.85146738358448, 40.346859717539026]]]}, "properties": {"h3": "882ce581adfffff"}}, {"type": "Feature", "id": "882ce581b1fffff", "geometry": {"type": "Polygon", "coordinates": [[[49.88299218041119, 40.365134587557115], [49.88558717765239, 40.360499303647416], [49.891945988055674, 40.35979846523089], [49.89571077810279, 40.36373300883006], [49.89311625759043, 40.36836872729316], [49.88675647019032, 40.36906946759815], [49.88299218041119, 40.365134587557115]]]}, "properties": {"h3": "882ce581b1fffff"}}, {"type": "Feature", "id": "882ce581b3fffff", "geometry": {"type": "Polygon", "coordinates": [[[49.89311625759043, 40.36836872729316], [49.89571077810279, 40.36373300883006], [49.90207027778504, 40.36303165298906], [49.90583623400543, 40.3669661135365], [49.90324219060232, 40.37160226648554], [49.89688171375775, 40.37230352439568], [49.89311625759043, 40.36836872729316]]]}, "properties": {"h3": "882ce581b3fffff"}}, {"type": "Feature", "id": "882ce581b5fffff", "geometry": {"type": "Polygon", "coordinates": [[[49.881823553649426, 40.35656467728917], [49.88441823978635, 40.35192954895234], [49.8907760734876, 40.3512286124271], [49.894540197642215, 40.35516290234184], [49.891945988055674, 40.35979846523089], [49.88558717765239, 40.360499303647416], [49.881823553649426, 40.35656467728917]]]}, "properties": {"h3": "882ce581b5fffff"}}, {"type": "Feature", "id": "882ce581b7fffff", "geometry": {"type": "Polygon", "coordinates": [[[49.891945988055674, 40.35979846523089], [49.894540197642215, 40.35516290234184], [49.90089872045701, 40.354461448572735], [49.90466401044095, 40.358395655615254], [49.90207027778504, 40.36303165298906], [49.89571077810279, 40.36373300883006], [49.891945988055674, 40.35979846523089]]]}, "properties": {"h3": "882ce581b7fffff"}}, {"type": "Feature", "id": "882ce581b9fffff", "geometry": {"type": "Polygon", "coordinates": [[[49.874037297767266, 40.37046981515876], [49.87663308270676, 40.36583481048212], [49.88299218041119, 40.365134587557115], [49.88675647019032, 40.36906946759815], [49.884161161777676, 40.37370490689686], [49.8778010869472, 40.37440503152689], [49.874037297767266, 40.37046981515876]]]}, "properties": {"h3": "882ce581b9fffff"}}, {"type": "Feature", "id": "882ce581bbfffff", "geometry": {"type": "Polygon", "coordinates": [[[49.884161161777676, 40.37370490689686], [49.88675647019032, 40.36906946759815], [49.89311625759043, 40.36836872729316], [49.89688171375775, 40.37230352439568], [49.894286882252466, 40.376939398248986], [49.88792611756064, 40.37764004043963], [49.884161161777676, 40.37370490689686]]]}, "properties": {"h3": "882ce581bbfffff"}}, {"type": "Feature", "id": "882ce581bdfffff", "geometry": {"type": "Polygon", "coordinates": [[[49.87286995918651, 40.36189984779517], [49.875465432776174, 40.357264998506345], [49.881823553649426, 40.35656467728917], [49.88558717765239, 40.360499303647416], [49.88299218041119, 40.365134587557115], [49.87663308270676, 40.36583481048212], [49.87286995918651, 40.36189984779517]]]}, "properties": {"h3": "882ce581bdfffff"}}, {"type": "Feature", "id": "882ce581c1fffff", "geometry": {"type": "Polygon", "coordinates": [[[49.8269253362575, 40.37999243225747], [49.82952443525114, 40.37535913665788], [49.83588301049018, 40.37466179485458], [49.83964346380381, 40.37859784785149], [49.83704483996903, 40.38323157841276], [49.830685287549926, 40.38392882100977], [49.8269253362575, 40.37999243225747]]]}, "properties": {"h3": "882ce581c1fffff"}}, {"type": "Feature", "id": "882ce581c3fffff", "geometry": {"type": "Polygon", "coordinates": [[[49.83704483996903, 40.38323157841276], [49.83964346380381, 40.37859784785149], [49.84600273048943, 40.37789998925355], [49.849764350575036, 40.38183596023705], [49.847166202279666, 40.386470125692966], [49.840805958247415, 40.387167885265065], [49.83704483996903, 40.38323157841276]]]}, "properties": {"h3": "882ce581c3fffff"}}, {"type": "Feature", "id": "882ce581c5fffff", "geometry": {"type": "Polygon", "coordinates": [[[49.82576514857902, 40.37142300194011], [49.82836393513016, 40.36678986117046], [49.83472153348412, 40.36609242016391], [49.83848132206023, 40.370028219124556], [49.83588301049018, 40.37466179485458], [49.82952443525114, 40.37535913665788], [49.82576514857902, 40.37142300194011]]]}, "properties": {"h3": "882ce581c5fffff"}}, {"type": "Feature", "id": "882ce581c7fffff", "geometry": {"type": "Polygon", "coordinates": [[[49.83588301049018, 40.37466179485458], [49.83848132206023, 40.370028219124556], [49.84483961169429, 40.36933026150371], [49.84860056669805, 40.37326597863011], [49.84600273048943, 40.37789998925355], [49.83964346380381, 40.37859784785149], [49.83588301049018, 40.37466179485458]]]}, "properties": {"h3": "882ce581c7fffff"}}, {"type": "Feature", "id": "882ce581c9fffff", "geometry": {"type": "Polygon", "coordinates": [[[49.817966589241415, 40.38532217332078], [49.82056647570153, 40.38068915810499], [49.8269253362575, 40.37999243225747], [49.830685287549926, 40.38392882100977], [49.82808587604593, 40.388562271255466], [49.821726038181524, 40.38925889771327], [49.817966589241415, 40.38532217332078]]]}, "properties": {"h3": "882ce581c9fffff"}}, {"type": "Feature", "id": "882ce581cbfffff", "geometry": {"type": "Polygon", "coordinates": [[[49.82808587604593, 40.388562271255466], [49.830685287549926, 40.38392882100977], [49.83704483996903, 40.38323157841276], [49.840805958247415, 40.387167885265065], [49.83820702208018, 40.39180177047369], [49.831846492185896, 40.39249891386138], [49.82808587604593, 40.388562271255466]]]}, "properties": {"h3": "882ce581cbfffff"}}, {"type": "Feature", "id": "882ce581cdfffff", "geometry": {"type": "Polygon", "coordinates": [[[49.81680769126437, 40.37675268774526], [49.81940726503642, 40.37211982717427], [49.82576514857902, 40.37142300194011], [49.82952443525114, 40.37535913665788], [49.8269253362575, 40.37999243225747], [49.82056647570153, 40.38068915810499], [49.81680769126437, 40.37675268774526]]]}, "properties": {"h3": "882ce581cdfffff"}}, {"type": "Feature", "id": "882ce581d1fffff", "geometry": {"type": "Polygon", "coordinates": [[[49.84833002722474, 40.3950406704571], [49.85092848767451, 40.39040635035262], [49.85728942306964, 40.38970807357983], [49.86105287571127, 40.39364421575409], [49.85845489135975, 40.39827897068727], [49.85209297815638, 40.39897714861185], [49.84833002722474, 40.3950406704571]]]}, "properties": {"h3": "882ce581d1fffff"}}, {"type": "Feature", "id": "882ce581d3fffff", "geometry": {"type": "Polygon", "coordinates": [[[49.85845489135975, 40.39827897068727], [49.86105287571127, 40.39364421575409], [49.86741450221868, 40.39294542155501], [49.871179122237166, 40.396881480951066], [49.86858161436482, 40.401516670645684], [49.86221900988283, 40.4022153661772], [49.85845489135975, 40.39827897068727]]]}, "properties": {"h3": "882ce581d3fffff"}}, {"type": "Feature", "id": "882ce581d5fffff", "geometry": {"type": "Polygon", "coordinates": [[[49.847166202279666, 40.386470125692966], [49.849764350575036, 40.38183596023705], [49.85612430845715, 40.38113758461891], [49.859887095444996, 40.3850734732964], [49.85728942306964, 40.38970807357983], [49.85092848767451, 40.39040635035262], [49.847166202279666, 40.386470125692966]]]}, "properties": {"h3": "882ce581d5fffff"}}, {"type": "Feature", "id": "882ce581d7fffff", "geometry": {"type": "Polygon", "coordinates": [[[49.85728942306964, 40.38970807357983], [49.859887095444996, 40.3850734732964], [49.86624774427311, 40.384374580432564], [49.870011698293254, 40.38831038651131], [49.86741450221868, 40.39294542155501], [49.86105287571127, 40.39364421575409], [49.85728942306964, 40.38970807357983]]]}, "properties": {"h3": "882ce581d7fffff"}}, {"type": "Feature", "id": "882ce581d9fffff", "geometry": {"type": "Polygon", "coordinates": [[[49.83936955698322, 40.400372370672414], [49.84196880555071, 40.3957383310004], [49.84833002722474, 40.3950406704571], [49.85209297815638, 40.39897714861185], [49.849494205484504, 40.40361162318091], [49.8431320058734, 40.404309184692515], [49.83936955698322, 40.400372370672414]]]}, "properties": {"h3": "882ce581d9fffff"}}, {"type": "Feature", "id": "882ce581dbfffff", "geometry": {"type": "Polygon", "coordinates": [[[49.849494205484504, 40.40361162318091], [49.85209297815638, 40.39897714861185], [49.85845489135975, 40.39827897068727], [49.86221900988283, 40.4022153661772], [49.859620713487544, 40.40685027557613], [49.853257822180595, 40.407548354649634], [49.849494205484504, 40.40361162318091]]]}, "properties": {"h3": "882ce581dbfffff"}}, {"type": "Feature", "id": "882ce581ddfffff", "geometry": {"type": "Polygon", "coordinates": [[[49.83820702208018, 40.39180177047369], [49.840805958247415, 40.387167885265065], [49.847166202279666, 40.386470125692966], [49.85092848767451, 40.39040635035262], [49.84833002722474, 40.3950406704571], [49.84196880555071, 40.3957383310004], [49.83820702208018, 40.39180177047369]]]}, "properties": {"h3": "882ce581ddfffff"}}, {"type": "Feature", "id": "882ce581e1fffff", "geometry": {"type": "Polygon", "coordinates": [[[49.833560408791435, 40.35752345470544], [49.83615809603524, 40.35289018918945], [49.842514432450756, 40.35219203353187], [49.84627405797261, 40.35612724240145], [49.84367684573459, 40.360760942808255], [49.837319532857194, 40.361458999449], [49.833560408791435, 40.35752345470544]]]}, "properties": {"h3": "882ce581e1fffff"}}, {"type": "Feature", "id": "882ce581e3fffff", "geometry": {"type": "Polygon", "coordinates": [[[49.84367684573459, 40.360760942808255], [49.84627405797261, 40.35612724240145], [49.852631085085655, 40.35542857026489], [49.8563918764771, 40.35936369736601], [49.85379513962501, 40.36399783259662], [49.847437135883816, 40.36469640589666], [49.84367684573459, 40.360760942808255]]]}, "properties": {"h3": "882ce581e3fffff"}}, {"type": "Feature", "id": "882ce581e5fffff", "geometry": {"type": "Polygon", "coordinates": [[[49.83239963625279, 40.34895489884372], [49.83499701143502, 40.34432178871046], [49.841352371683286, 40.343623534039075], [49.84511133280486, 40.34755848850909], [49.842514432450756, 40.35219203353187], [49.83615809603524, 40.35289018918945], [49.83239963625279, 40.34895489884372]]]}, "properties": {"h3": "882ce581e5fffff"}}, {"type": "Feature", "id": "882ce581e7fffff", "geometry": {"type": "Polygon", "coordinates": [[[49.842514432450756, 40.35219203353187], [49.84511133280486, 40.34755848850909], [49.85146738358448, 40.346859717539026], [49.85522751023171, 40.350794590419596], [49.852631085085655, 40.35542857026489], [49.84627405797261, 40.35612724240145], [49.842514432450756, 40.35219203353187]]]}, "properties": {"h3": "882ce581e7fffff"}}, {"type": "Feature", "id": "882ce581e9fffff", "geometry": {"type": "Polygon", "coordinates": [[[49.824605312851254, 40.36285398066803], [49.8272037870277, 40.3582209949122], [49.833560408791435, 40.35752345470544], [49.837319532857194, 40.361458999449], [49.83472153348412, 40.36609242016391], [49.82836393513016, 40.36678986117046], [49.824605312851254, 40.36285398066803]]]}, "properties": {"h3": "882ce581e9fffff"}}, {"type": "Feature", "id": "882ce581ebfffff", "geometry": {"type": "Polygon", "coordinates": [[[49.83472153348412, 40.36609242016391], [49.837319532857194, 40.361458999449], [49.84367684573459, 40.360760942808255], [49.847437135883816, 40.36469640589666], [49.84483961169429, 40.36933026150371], [49.83848132206023, 40.370028219124556], [49.83472153348412, 40.36609242016391]]]}, "properties": {"h3": "882ce581ebfffff"}}, {"type": "Feature", "id": "882ce581edfffff", "geometry": {"type": "Polygon", "coordinates": [[[49.823445828914956, 40.35428536880584], [49.82604399078455, 40.34965253824764], [49.83239963625279, 40.34895489884372], [49.83615809603524, 40.35289018918945], [49.833560408791435, 40.35752345470544], [49.8272037870277, 40.3582209949122], [49.823445828914956, 40.35428536880584]]]}, "properties": {"h3": "882ce581edfffff"}}, {"type": "Feature", "id": "882ce58201fffff", "geometry": {"type": "Polygon", "coordinates": [[[49.72946649863972, 40.44714062374342], [49.73207457731336, 40.442510273682906], [49.738437253748764, 40.44181981619464], [49.74219283027991, 40.44575980998819], [49.739585224703696, 40.45039059575825], [49.73322156938678, 40.45108095201934], [49.72946649863972, 40.44714062374342]]]}, "properties": {"h3": "882ce58201fffff"}}, {"type": "Feature", "id": "882ce58203fffff", "geometry": {"type": "Polygon", "coordinates": [[[49.739585224703696, 40.45039059575825], [49.74219283027991, 40.44575980998819], [49.74855620291419, 40.44506883602845], [49.7523129489104, 40.44900874887984], [49.74970581681317, 40.45363997029318], [49.743341465128616, 40.45433084320599], [49.739585224703696, 40.45039059575825]]]}, "properties": {"h3": "882ce58203fffff"}}, {"type": "Feature", "id": "882ce58205fffff", "geometry": {"type": "Polygon", "coordinates": [[[49.72832017011416, 40.43857019924012], [49.730927933573106, 40.43394000178747], [49.73728963142293, 40.43324944307526], [49.7410445442873, 40.43718918303375], [49.738437253748764, 40.44181981619464], [49.73207457731336, 40.442510273682906], [49.72832017011416, 40.43857019924012]]]}, "properties": {"h3": "882ce58205fffff"}}, {"type": "Feature", "id": "882ce58207fffff", "geometry": {"type": "Polygon", "coordinates": [[[49.738437253748764, 40.44181981619464], [49.7410445442873, 40.43718918303375], [49.7474069381673, 40.436498108030264], [49.75116302015093, 40.440437767225525], [49.74855620291419, 40.44506883602845], [49.74219283027991, 40.44575980998819], [49.738437253748764, 40.44181981619464]]]}, "properties": {"h3": "882ce58207fffff"}}, {"type": "Feature", "id": "882ce58209fffff", "geometry": {"type": "Polygon", "coordinates": [[[49.720494673088346, 40.45246053028674], [49.72310353993876, 40.44783046357951], [49.72946649863972, 40.44714062374342], [49.73322156938678, 40.45108095201934], [49.730613175429326, 40.45571145450359], [49.724249237719704, 40.456401192929015], [49.720494673088346, 40.45246053028674]]]}, "properties": {"h3": "882ce58209fffff"}}, {"type": "Feature", "id": "882ce5820bfffff", "geometry": {"type": "Polygon", "coordinates": [[[49.730613175429326, 40.45571145450359], [49.73322156938678, 40.45108095201934], [49.739585224703696, 40.45039059575825], [49.743341465128616, 40.45433084320599], [49.740733544445725, 40.45896178140108], [49.734368909951186, 40.45965203643172], [49.730613175429326, 40.45571145450359]]]}, "properties": {"h3": "882ce5820bfffff"}}, {"type": "Feature", "id": "882ce5820dfffff", "geometry": {"type": "Polygon", "coordinates": [[[49.719349638736176, 40.443890054768346], [49.72195819012583, 40.439260140483555], [49.72832017011416, 40.43857019924012], [49.73207457731336, 40.442510273682906], [49.72946649863972, 40.44714062374342], [49.72310353993876, 40.44783046357951], [49.719349638736176, 40.443890054768346]]]}, "properties": {"h3": "882ce5820dfffff"}}, {"type": "Feature", "id": "882ce58211fffff", "geometry": {"type": "Polygon", "coordinates": [[[49.750855780022476, 40.46221151045939], [49.753463227049075, 40.457580136619754], [49.759828274852644, 40.45688874682852], [49.76358685503248, 40.46082883174084], [49.760979882043976, 40.4654606411586], [49.75461385472531, 40.46615193008009], [49.750855780022476, 40.46221151045939]]]}, "properties": {"h3": "882ce58211fffff"}}, {"type": "Feature", "id": "882ce58213fffff", "geometry": {"type": "Polygon", "coordinates": [[[49.760979882043976, 40.4654606411586], [49.76358685503248, 40.46082883174084], [49.76995259870612, 40.46013692484447], [49.773712348962654, 40.46407692804933], [49.77110585039415, 40.46870917297875], [49.764739127036854, 40.46940097918583], [49.760979882043976, 40.4654606411586]]]}, "properties": {"h3": "882ce58213fffff"}}, {"type": "Feature", "id": "882ce58215fffff", "geometry": {"type": "Polygon", "coordinates": [[[49.74970581681317, 40.45363997029318], [49.7523129489104, 40.44900874887984], [49.758677017495074, 40.44831725822198], [49.76243493308924, 40.452257089838234], [49.759828274852644, 40.45688874682852], [49.753463227049075, 40.457580136619754], [49.74970581681317, 40.45363997029318]]]}, "properties": {"h3": "882ce58215fffff"}}, {"type": "Feature", "id": "882ce58217fffff", "geometry": {"type": "Polygon", "coordinates": [[[49.759828274852644, 40.45688874682852], [49.76243493308924, 40.452257089838234], [49.76879969737552, 40.45156508225565], [49.77255878270037, 40.455504832343735], [49.76995259870612, 40.46013692484447], [49.76358685503248, 40.46082883174084], [49.759828274852644, 40.45688874682852]]]}, "properties": {"h3": "882ce58217fffff"}}, {"type": "Feature", "id": "882ce58219fffff", "geometry": {"type": "Polygon", "coordinates": [[[49.74188221313289, 40.46753337275798], [49.74449044899148, 40.46290228232205], [49.750855780022476, 40.46221151045939], [49.75461385472531, 40.46615193008009], [49.75200609270037, 40.470783456161776], [49.7456397820267, 40.471474126971145], [49.74188221313289, 40.46753337275798]]]}, "properties": {"h3": "882ce58219fffff"}}, {"type": "Feature", "id": "882ce5821bfffff", "geometry": {"type": "Polygon", "coordinates": [[[49.75200609270037, 40.470783456161776], [49.75461385472531, 40.46615193008009], [49.760979882043976, 40.4654606411586], [49.764739127036854, 40.46940097918583], [49.76213183922759, 40.47403294084685], [49.755764832097505, 40.474724128895474], [49.75200609270037, 40.470783456161776]]]}, "properties": {"h3": "882ce5821bfffff"}}, {"type": "Feature", "id": "882ce5821dfffff", "geometry": {"type": "Polygon", "coordinates": [[[49.740733544445725, 40.45896178140108], [49.743341465128616, 40.45433084320599], [49.74970581681317, 40.45363997029318], [49.753463227049075, 40.457580136619754], [49.750855780022476, 40.46221151045939], [49.74449044899148, 40.46290228232205], [49.740733544445725, 40.45896178140108]]]}, "properties": {"h3": "882ce5821dfffff"}}, {"type": "Feature", "id": "882ce58221fffff", "geometry": {"type": "Polygon", "coordinates": [[[49.73614235756833, 40.42467947676506], [49.7387490182385, 40.42004914937479], [49.74510945549747, 40.41935787229358], [49.748864210136915, 40.42329702363398], [49.7462580224144, 40.427927786663666], [49.73989660699278, 40.42861896270765], [49.73614235756833, 40.42467947676506]]]}, "properties": {"h3": "882ce58221fffff"}}, {"type": "Feature", "id": "882ce58223fffff", "geometry": {"type": "Polygon", "coordinates": [[[49.7462580224144, 40.427927786663666], [49.748864210136915, 40.42329702363398], [49.75522534284077, 40.42260523039528], [49.75898126604117, 40.42654430103748], [49.75637555164744, 40.43117549964029], [49.75001344061249, 40.43186719202192], [49.7462580224144, 40.427927786663666]]]}, "properties": {"h3": "882ce58223fffff"}}, {"type": "Feature", "id": "882ce58225fffff", "geometry": {"type": "Polygon", "coordinates": [[[49.73499543202721, 40.4161099176288], [49.73760177786665, 40.41147974339987], [49.743961237258574, 40.410788365284766], [49.747715328566166, 40.41472726242658], [49.74510945549747, 40.41935787229358], [49.7387490182385, 40.42004914937479], [49.73499543202721, 40.4161099176288]]]}, "properties": {"h3": "882ce58225fffff"}}, {"type": "Feature", "id": "882ce58229fffff", "geometry": {"type": "Polygon", "coordinates": [[[49.72717418969492, 40.43000018135859], [49.729781638008255, 40.42537013669788], [49.73614235756833, 40.42467947676506], [49.73989660699278, 40.42861896270765], [49.73728963142293, 40.43324944307526], [49.730927933573106, 40.43394000178747], [49.72717418969492, 40.43000018135859]]]}, "properties": {"h3": "882ce58229fffff"}}, {"type": "Feature", "id": "882ce5822bfffff", "geometry": {"type": "Polygon", "coordinates": [[[49.73728963142293, 40.43324944307526], [49.73989660699278, 40.42861896270765], [49.7462580224144, 40.427927786663666], [49.75001344061249, 40.43186719202192], [49.7474069381673, 40.436498108030264], [49.7410445442873, 40.43718918303375], [49.73728963142293, 40.43324944307526]]]}, "properties": {"h3": "882ce5822bfffff"}}, {"type": "Feature", "id": "882ce58231fffff", "geometry": {"type": "Polygon", "coordinates": [[[49.75752610981279, 40.43974617570417], [49.760132138752006, 40.435114824121435], [49.76649494515177, 40.43442261517571], [49.77025270129547, 40.43836185848689], [49.76764714624361, 40.442993645577644], [49.76128336104857, 40.44368575384338], [49.75752610981279, 40.43974617570417]]]}, "properties": {"h3": "882ce58231fffff"}}, {"type": "Feature", "id": "882ce58233fffff", "geometry": {"type": "Polygon", "coordinates": [[[49.76764714624361, 40.442993645577644], [49.77025270129547, 40.43836185848689], [49.776616202811255, 40.43766913275063], [49.7803751281265, 40.44160829459893], [49.77777004734348, 40.44624051713117], [49.77140556686421, 40.446933142367826], [49.76764714624361, 40.442993645577644]]]}, "properties": {"h3": "882ce58233fffff"}}, {"type": "Feature", "id": "882ce58235fffff", "geometry": {"type": "Polygon", "coordinates": [[[49.75637555164744, 40.43117549964029], [49.75898126604117, 40.42654430103748], [49.76534309394153, 40.42585199141492], [49.76910018583551, 40.42979098106618], [49.76649494515177, 40.43442261517571], [49.760132138752006, 40.435114824121435], [49.75637555164744, 40.43117549964029]]]}, "properties": {"h3": "882ce58235fffff"}}, {"type": "Feature", "id": "882ce58237fffff", "geometry": {"type": "Polygon", "coordinates": [[[49.76649494515177, 40.43442261517571], [49.76910018583551, 40.42979098106618], [49.775462708683705, 40.42909815483337], [49.77922096940366, 40.43303706320083], [49.776616202811255, 40.43766913275063], [49.77025270129547, 40.43836185848689], [49.76649494515177, 40.43442261517571]]]}, "properties": {"h3": "882ce58237fffff"}}, {"type": "Feature", "id": "882ce58239fffff", "geometry": {"type": "Polygon", "coordinates": [[[49.74855620291419, 40.44506883602845], [49.75116302015093, 40.440437767225525], [49.75752610981279, 40.43974617570417], [49.76128336104857, 40.44368575384338], [49.758677017495074, 40.44831725822198], [49.7523129489104, 40.44900874887984], [49.74855620291419, 40.44506883602845]]]}, "properties": {"h3": "882ce58239fffff"}}, {"type": "Feature", "id": "882ce5823bfffff", "geometry": {"type": "Polygon", "coordinates": [[[49.758677017495074, 40.44831725822198], [49.76128336104857, 40.44368575384338], [49.76764714624361, 40.442993645577644], [49.77140556686421, 40.446933142367826], [49.76879969737552, 40.45156508225565], [49.76243493308924, 40.452257089838234], [49.758677017495074, 40.44831725822198]]]}, "properties": {"h3": "882ce5823bfffff"}}, {"type": "Feature", "id": "882ce5823dfffff", "geometry": {"type": "Polygon", "coordinates": [[[49.7474069381673, 40.436498108030264], [49.75001344061249, 40.43186719202192], [49.75637555164744, 40.43117549964029], [49.760132138752006, 40.435114824121435], [49.75752610981279, 40.43974617570417], [49.75116302015093, 40.440437767225525], [49.7474069381673, 40.436498108030264]]]}, "properties": {"h3": "882ce5823dfffff"}}, {"type": "Feature", "id": "882ce58255fffff", "geometry": {"type": "Polygon", "coordinates": [[[49.72164005533932, 40.46103141187455], [49.724249237719704, 40.456401192929015], [49.730613175429326, 40.45571145450359], [49.734368909951186, 40.45965203643172], [49.7317602006408, 40.46428269115557], [49.725395283626334, 40.464972328167086], [49.72164005533932, 40.46103141187455]]]}, "properties": {"h3": "882ce58255fffff"}}, {"type": "Feature", "id": "882ce58257fffff", "geometry": {"type": "Polygon", "coordinates": [[[49.7317602006408, 40.46428269115557], [49.734368909951186, 40.45965203643172], [49.740733544445725, 40.45896178140108], [49.74449044899148, 40.46290228232205], [49.74188221313289, 40.46753337275798], [49.73551659916451, 40.46822352655498], [49.7317602006408, 40.46428269115557]]]}, "properties": {"h3": "882ce58257fffff"}}, {"type": "Feature", "id": "882ce582a3fffff", "geometry": {"type": "Polygon", "coordinates": [[[49.817119872659106, 40.4506492130569], [49.819722739071146, 40.446015402412925], [49.826088732917825, 40.445319989733974], [49.829852839746486, 40.449258487287075], [49.827250449333796, 40.453892733037385], [49.820883475980835, 40.45458804612256], [49.817119872659106, 40.4506492130569]]]}, "properties": {"h3": "882ce582a3fffff"}}, {"type": "Feature", "id": "882ce582a5fffff", "geometry": {"type": "Polygon", "coordinates": [[[49.805832733590414, 40.438833054289425], [49.808435762031344, 40.434199831988934], [49.814800083135246, 40.433504837280275], [49.81856235472889, 40.43744316463795], [49.81595980172739, 40.442076822110614], [49.80959450158065, 40.44277171704771], [49.805832733590414, 40.438833054289425]]]}, "properties": {"h3": "882ce582a5fffff"}}, {"type": "Feature", "id": "882ce582c5fffff", "geometry": {"type": "Polygon", "coordinates": [[[49.77110585039415, 40.46870917297875], [49.773712348962654, 40.46407692804933], [49.78007878825715, 40.463384503821146], [49.78383970872286, 40.467324425025325], [49.781233684956376, 40.471957105399795], [49.774866265809855, 40.47264942911923], [49.77110585039415, 40.46870917297875]]]}, "properties": {"h3": "882ce582c5fffff"}}, {"type": "Feature", "id": "882ce582c7fffff", "geometry": {"type": "Polygon", "coordinates": [[[49.781233684956376, 40.471957105399795], [49.78383970872286, 40.467324425025325], [49.79020684338866, 40.46663148323866], [49.793968934195924, 40.47057132214879], [49.79136338561355, 40.475204437901624], [49.78499527092748, 40.475897279360154], [49.781233684956376, 40.471957105399795]]]}, "properties": {"h3": "882ce582c7fffff"}}, {"type": "Feature", "id": "882ce582c9fffff", "geometry": {"type": "Polygon", "coordinates": [[[49.763284146562164, 40.482605645527805], [49.76589174926105, 40.4779735318078], [49.77225945259835, 40.477281826293066], [49.77602053340092, 40.48122233518786], [49.773413405477626, 40.485854884421826], [49.767044721863805, 40.48654648924122], [49.763284146562164, 40.482605645527805]]]}, "properties": {"h3": "882ce582c9fffff"}}, {"type": "Feature", "id": "882ce582cdfffff", "geometry": {"type": "Polygon", "coordinates": [[[49.76213183922759, 40.47403294084685], [49.764739127036854, 40.46940097918583], [49.77110585039415, 40.46870917297875], [49.774866265809855, 40.47264942911923], [49.77225945259835, 40.477281826293066], [49.76589174926105, 40.4779735318078], [49.76213183922759, 40.47403294084685]]]}, "properties": {"h3": "882ce582cdfffff"}}, {"type": "Feature", "id": "882ce582e1fffff", "geometry": {"type": "Polygon", "coordinates": [[[49.77892424243916, 40.4548123076098], [49.781529637481384, 40.450179932279255], [49.78789481299561, 40.44948678984518], [49.791655572783064, 40.45342612305808], [49.78905065256908, 40.458058933764654], [49.782684497627194, 40.458751975876524], [49.77892424243916, 40.4548123076098]]]}, "properties": {"h3": "882ce582e1fffff"}}, {"type": "Feature", "id": "882ce582e5fffff", "geometry": {"type": "Polygon", "coordinates": [[[49.77777004734348, 40.44624051713117], [49.7803751281265, 40.44160829459893], [49.786739324509156, 40.440915051845685], [49.7904994191282, 40.44485413193809], [49.78789481299561, 40.44948678984518], [49.781529637481384, 40.450179932279255], [49.77777004734348, 40.44624051713117]]]}, "properties": {"h3": "882ce582e5fffff"}}, {"type": "Feature", "id": "882ce582e9fffff", "geometry": {"type": "Polygon", "coordinates": [[[49.76995259870612, 40.46013692484447], [49.77255878270037, 40.455504832343735], [49.77892424243916, 40.4548123076098], [49.782684497627194, 40.458751975876524], [49.78007878825715, 40.463384503821146], [49.773712348962654, 40.46407692804933], [49.76995259870612, 40.46013692484447]]]}, "properties": {"h3": "882ce582e9fffff"}}, {"type": "Feature", "id": "882ce582ebfffff", "geometry": {"type": "Polygon", "coordinates": [[[49.78007878825715, 40.463384503821146], [49.782684497627194, 40.458751975876524], [49.78905065256908, 40.458058933764654], [49.79281207775257, 40.46199851991682], [49.79020684338866, 40.46663148323866], [49.78383970872286, 40.467324425025325], [49.78007878825715, 40.463384503821146]]]}, "properties": {"h3": "882ce582ebfffff"}}, {"type": "Feature", "id": "882ce582edfffff", "geometry": {"type": "Polygon", "coordinates": [[[49.76879969737552, 40.45156508225565], [49.77140556686421, 40.446933142367826], [49.77777004734348, 40.44624051713117], [49.781529637481384, 40.450179932279255], [49.77892424243916, 40.4548123076098], [49.77255878270037, 40.455504832343735], [49.76879969737552, 40.45156508225565]]]}, "properties": {"h3": "882ce582edfffff"}}, {"type": "Feature", "id": "882ce5850dfffff", "geometry": {"type": "Polygon", "coordinates": [[[49.92394803595808, 40.45199222603494], [49.92654440000054, 40.447354246762266], [49.932914085555716, 40.44665273361169], [49.93668838710933, 40.450589297319986], [49.93409250255222, 40.45522771095213], [49.92772183684379, 40.455929126511066], [49.92394803595808, 40.45199222603494]]]}, "properties": {"h3": "882ce5850dfffff"}}, {"type": "Feature", "id": "882ce58521fffff", "geometry": {"type": "Polygon", "coordinates": [[[49.94069970500815, 40.43273782840145], [49.94329417746378, 40.4280994427945], [49.9496623031125, 40.42739659828548], [49.95343693578919, 40.43133223659987], [49.95084294304333, 40.43597105642743], [49.94447383779874, 40.43667380371457], [49.94069970500815, 40.43273782840145]]]}, "properties": {"h3": "882ce58521fffff"}}, {"type": "Feature", "id": "882ce58529fffff", "geometry": {"type": "Polygon", "coordinates": [[[49.93173602654964, 40.43807816170272], [49.93433128919075, 40.433440056095584], [49.94069970500815, 40.43273782840145], [49.94447383779874, 40.43667380371457], [49.94187905466533, 40.44131234361133], [49.935509659121344, 40.442014473899896], [49.93173602654964, 40.43807816170272]]]}, "properties": {"h3": "882ce58529fffff"}}, {"type": "Feature", "id": "882ce5852dfffff", "geometry": {"type": "Polygon", "coordinates": [[[49.93055832537188, 40.42950399559143], [49.93315327715541, 40.424866044273195], [49.939520713542166, 40.42416371917585], [49.94329417746378, 40.4280994427945], [49.94069970500815, 40.43273782840145], [49.93433128919075, 40.433440056095584], [49.93055832537188, 40.42950399559143]]]}, "properties": {"h3": "882ce5852dfffff"}}, {"type": "Feature", "id": "882ce58549fffff", "geometry": {"type": "Polygon", "coordinates": [[[49.897043406676985, 40.46800531390915], [49.89964214241622, 40.463368177478095], [49.90601269627445, 40.46266851657683], [49.909785494825464, 40.46660609024394], [49.90718723796382, 40.4712436612409], [49.90081570356113, 40.47194322399932], [49.897043406676985, 40.46800531390915]]]}, "properties": {"h3": "882ce58549fffff"}}, {"type": "Feature", "id": "882ce58561fffff", "geometry": {"type": "Polygon", "coordinates": [[[49.91263031007439, 40.44018185751117], [49.915226841869064, 40.43554446658449], [49.92159485746805, 40.43484337516764], [49.92536732085159, 40.438779772442565], [49.92277126798044, 40.44341759779579], [49.91640227268995, 40.44411859144207], [49.91263031007439, 40.44018185751117]]]}, "properties": {"h3": "882ce58561fffff"}}, {"type": "Feature", "id": "882ce58563fffff", "geometry": {"type": "Polygon", "coordinates": [[[49.92277126798044, 40.44341759779579], [49.92536732085159, 40.438779772442565], [49.93173602654964, 40.43807816170272], [49.935509659121344, 40.442014473899896], [49.932914085555716, 40.44665273361169], [49.92654440000054, 40.447354246762266], [49.92277126798044, 40.44341759779579]]]}, "properties": {"h3": "882ce58563fffff"}}, {"type": "Feature", "id": "882ce58565fffff", "geometry": {"type": "Polygon", "coordinates": [[[49.91145554754477, 40.431607984525456], [49.914051768055636, 40.42697074770156], [49.920418804259064, 40.4262695585166], [49.92419059923497, 40.430205703918155], [49.92159485746805, 40.43484337516764], [49.915226841869064, 40.43554446658449], [49.91145554754477, 40.431607984525456]]]}, "properties": {"h3": "882ce58565fffff"}}, {"type": "Feature", "id": "882ce58567fffff", "geometry": {"type": "Polygon", "coordinates": [[[49.92159485746805, 40.43484337516764], [49.92419059923497, 40.430205703918155], [49.93055832537188, 40.42950399559143], [49.93433128919075, 40.433440056095584], [49.93173602654964, 40.43807816170272], [49.92536732085159, 40.438779772442565], [49.92159485746805, 40.43484337516764]]]}, "properties": {"h3": "882ce58567fffff"}}, {"type": "Feature", "id": "882ce5856bfffff", "geometry": {"type": "Polygon", "coordinates": [[[49.913805429544325, 40.44875613628731], [49.91640227268995, 40.44411859144207], [49.92277126798044, 40.44341759779579], [49.92654440000054, 40.447354246762266], [49.92394803595808, 40.45199222603494], [49.917578060680036, 40.45269312190824], [49.913805429544325, 40.44875613628731]]]}, "properties": {"h3": "882ce5856bfffff"}}, {"type": "Feature", "id": "882ce5856dfffff", "geometry": {"type": "Polygon", "coordinates": [[[49.90249121196136, 40.436945513277344], [49.905088222297636, 40.43230855684504], [49.91145554754477, 40.431607984525456], [49.915226841869064, 40.43554446658449], [49.91263031007439, 40.44018185751117], [49.90626200530154, 40.44088233187897], [49.90249121196136, 40.436945513277344]]]}, "properties": {"h3": "882ce5856dfffff"}}, {"type": "Feature", "id": "882ce58725fffff", "geometry": {"type": "Polygon", "coordinates": [[[49.8767613304846, 40.46152680669753], [49.87936102283191, 40.456890539601496], [49.88573019339531, 40.456191917214824], [49.88950065171077, 40.46012966042399], [49.88690143747635, 40.46476636222137], [49.880531286701206, 40.46546488610268], [49.8767613304846, 40.46152680669753]]]}, "properties": {"h3": "882ce58725fffff"}}, {"type": "Feature", "id": "882ce58727fffff", "geometry": {"type": "Polygon", "coordinates": [[[49.88690143747635, 40.46476636222137], [49.88950065171077, 40.46012966042399], [49.89587051404783, 40.45943051889306], [49.89964214241622, 40.463368177478095], [49.897043406676985, 40.46800531390915], [49.89067256396176, 40.468704357115946], [49.88690143747635, 40.46476636222137]]]}, "properties": {"h3": "882ce58727fffff"}}, {"type": "Feature", "id": "882ce58767fffff", "geometry": {"type": "Polygon", "coordinates": [[[49.85882037010654, 40.472193887679744], [49.86142164299348, 40.4675581840221], [49.867791389306596, 40.46686079698329], [49.871560843091494, 40.47079921246927], [49.86896004791119, 40.47543535096524], [49.86258932112692, 40.476132639131315], [49.85882037010654, 40.472193887679744]]]}, "properties": {"h3": "882ce58767fffff"}}, {"type": "Feature", "id": "882ce58acbfffff", "geometry": {"type": "Polygon", "coordinates": [[[49.81996948626487, 40.328581993322594], [49.82256671162054, 40.3239496294596], [49.82891942996927, 40.32325169248316], [49.83267589826292, 40.32718621855165], [49.83007914700078, 40.33181901736831], [49.82372545323993, 40.33251685515708], [49.81996948626487, 40.328581993322594]]]}, "properties": {"h3": "882ce58acbfffff"}}, {"type": "Feature", "id": "882ce58ad1fffff", "geometry": {"type": "Polygon", "coordinates": [[[49.84019066327282, 40.33505544469436], [49.84278694006189, 40.330422210990896], [49.84914103905818, 40.329723242362974], [49.852899836898246, 40.33365760626025], [49.85030403496182, 40.33829127478358], [49.8439489602211, 40.338990144584095], [49.84019066327282, 40.33505544469436]]]}, "properties": {"h3": "882ce58ad1fffff"}}, {"type": "Feature", "id": "882ce58ad3fffff", "geometry": {"type": "Polygon", "coordinates": [[[49.85030403496182, 40.33829127478358], [49.852899836898246, 40.33365760626025], [49.859254625844095, 40.33295812146905], [49.86301458865227, 40.336892403842654], [49.8604192619482, 40.34152650711877], [49.854063497091985, 40.34222589326286], [49.85030403496182, 40.33829127478358]]]}, "properties": {"h3": "882ce58ad3fffff"}}, {"type": "Feature", "id": "882ce58ad7fffff", "geometry": {"type": "Polygon", "coordinates": [[[49.84914103905818, 40.329723242362974], [49.85173652949097, 40.3250897297762], [49.8580903428208, 40.32439014634091], [49.86184964122225, 40.32832417413081], [49.859254625844095, 40.33295812146905], [49.852899836898246, 40.33365760626025], [49.84914103905818, 40.329723242362974]]]}, "properties": {"h3": "882ce58ad7fffff"}}, {"type": "Feature", "id": "882ce58ad9fffff", "geometry": {"type": "Polygon", "coordinates": [[[49.831239215708955, 40.340386752943246], [49.8338362788973, 40.335753798376444], [49.84019066327282, 40.33505544469436], [49.8439489602211, 40.338990144584095], [49.841352371683286, 40.343623534039075], [49.83499701143502, 40.34432178871046], [49.831239215708955, 40.340386752943246]]]}, "properties": {"h3": "882ce58ad9fffff"}}, {"type": "Feature", "id": "882ce58adbfffff", "geometry": {"type": "Polygon", "coordinates": [[[49.841352371683286, 40.343623534039075], [49.8439489602211, 40.338990144584095], [49.85030403496182, 40.33829127478358], [49.854063497091985, 40.34222589326286], [49.85146738358448, 40.346859717539026], [49.84511133280486, 40.34755848850909], [49.841352371683286, 40.343623534039075]]]}, "properties": {"h3": "882ce58adbfffff"}}, {"type": "Feature", "id": "882ce58addfffff", "geometry": {"type": "Polygon", "coordinates": [[[49.83007914700078, 40.33181901736831], [49.83267589826292, 40.32718621855165], [49.83902930706008, 40.326487765862005], [49.84278694006189, 40.330422210990896], [49.84019066327282, 40.33505544469436], [49.8338362788973, 40.335753798376444], [49.83007914700078, 40.33181901736831]]]}, "properties": {"h3": "882ce58addfffff"}}, {"type": "Feature", "id": "882ce58c11fffff", "geometry": {"type": "Polygon", "coordinates": [[[50.00999198008178, 40.372836035863955], [50.012579515458675, 40.36819573150445], [50.01894335319922, 40.36748776601067], [50.02272063340686, 40.3714202006191], [50.02013357898965, 40.37606093864296], [50.0137687632931, 40.376768808388746], [50.00999198008178, 40.372836035863955]]]}, "properties": {"h3": "882ce58c11fffff"}}, {"type": "Feature", "id": "882ce58c13fffff", "geometry": {"type": "Polygon", "coordinates": [[[50.02013357898965, 40.37606093864296], [50.02272063340686, 40.3714202006191], [50.02908515648079, 40.370711715501905], [50.03286360314487, 40.374644063969825], [50.030277030068326, 40.379285235589315], [50.02391152887498, 40.37999362514], [50.02013357898965, 40.37606093864296]]]}, "properties": {"h3": "882ce58c13fffff"}}, {"type": "Feature", "id": "882ce58c19fffff", "geometry": {"type": "Polygon", "coordinates": [[[50.00103952542735, 40.37818341279356], [50.00362785013661, 40.37354338602954], [50.00999198008178, 40.372836035863955], [50.0137687632931, 40.376768808388746], [50.011180919342905, 40.38140926888667], [50.00481581131027, 40.3821165231206], [50.00103952542735, 40.37818341279356]]]}, "properties": {"h3": "882ce58c19fffff"}}, {"type": "Feature", "id": "882ce58c1bfffff", "geometry": {"type": "Polygon", "coordinates": [[[50.011180919342905, 40.38140926888667], [50.0137687632931, 40.376768808388746], [50.02013357898965, 40.37606093864296], [50.02391152887498, 40.37999362514], [50.02132416606485, 40.38463451930317], [50.01495837211724, 40.38534229329877], [50.011180919342905, 40.38140926888667]]]}, "properties": {"h3": "882ce58c1bfffff"}}, {"type": "Feature", "id": "882ce58c33fffff", "geometry": {"type": "Polygon", "coordinates": [[[50.026702494078876, 40.35356590033523], [50.02928814291246, 40.34892519824042], [50.03565041798669, 40.34821590713304], [50.03942802151336, 40.352147413493775], [50.036842853859866, 40.35678854911278], [50.030479601387704, 40.35749774484158], [50.026702494078876, 40.35356590033523]]]}, "properties": {"h3": "882ce58c33fffff"}}, {"type": "Feature", "id": "882ce58c3bfffff", "geometry": {"type": "Polygon", "coordinates": [[[50.01775348853019, 40.35891500177216], [50.020339926358915, 40.35427457657898], [50.026702494078876, 40.35356590033523], [50.030479601387704, 40.35749774484158], [50.02789364453881, 40.362138603628594], [50.02153009928931, 40.362847184310155], [50.01775348853019, 40.35891500177216]]]}, "properties": {"h3": "882ce58c3bfffff"}}, {"type": "Feature", "id": "882ce58c43fffff", "geometry": {"type": "Polygon", "coordinates": [[[49.970626461793366, 40.36850221563543], [49.97321622649433, 40.36386349048394], [49.97957829766088, 40.363157697710754], [49.98335158161022, 40.36709072655922], [49.980762296525704, 40.37172988564994], [49.97439924776344, 40.372435581947585], [49.970626461793366, 40.36850221563543]]]}, "properties": {"h3": "882ce58c43fffff"}}, {"type": "Feature", "id": "882ce58c47fffff", "geometry": {"type": "Polygon", "coordinates": [[[49.96944410871161, 40.35993037678052], [49.97203356411941, 40.35529180776361], [49.978394657985106, 40.35458591851727], [49.98216727363195, 40.35851869475562], [49.97957829766088, 40.363157697710754], [49.97321622649433, 40.36386349048394], [49.96944410871161, 40.35993037678052]]]}, "properties": {"h3": "882ce58c47fffff"}}, {"type": "Feature", "id": "882ce58c51fffff", "geometry": {"type": "Polygon", "coordinates": [[[49.981946654742096, 40.38030248196924], [49.98453624900628, 40.37566316692692], [49.990899984445896, 40.374956951541975], [49.99467510356418, 40.37889014749062], [49.992085989477175, 40.383529896404774], [49.98572127598271, 40.384236015493094], [49.981946654742096, 40.38030248196924]]]}, "properties": {"h3": "882ce58c51fffff"}}, {"type": "Feature", "id": "882ce58c53fffff", "geometry": {"type": "Polygon", "coordinates": [[[49.992085989477175, 40.383529896404774], [49.99467510356418, 40.37889014749062], [50.00103952542735, 40.37818341279356], [50.00481581131027, 40.3821165231206], [50.00222717778149, 40.386756705838124], [49.995861777699524, 40.387463344419906], [49.992085989477175, 40.383529896404774]]]}, "properties": {"h3": "882ce58c53fffff"}}, {"type": "Feature", "id": "882ce58c55fffff", "geometry": {"type": "Polygon", "coordinates": [[[49.980762296525704, 40.37172988564994], [49.98335158161022, 40.36709072655922], [49.989714339290096, 40.36638441487997], [49.993488789533224, 40.37031735858037], [49.990899984445896, 40.374956951541975], [49.98453624900628, 40.37566316692692], [49.980762296525704, 40.37172988564994]]]}, "properties": {"h3": "882ce58c55fffff"}}, {"type": "Feature", "id": "882ce58c57fffff", "geometry": {"type": "Polygon", "coordinates": [[[49.990899984445896, 40.374956951541975], [49.993488789533224, 40.37031735858037], [49.99985223347273, 40.36961052777031], [50.00362785013661, 40.37354338602954], [50.00103952542735, 40.37818341279356], [49.99467510356418, 40.37889014749062], [49.990899984445896, 40.374956951541975]]]}, "properties": {"h3": "882ce58c57fffff"}}, {"type": "Feature", "id": "882ce58c5bfffff", "geometry": {"type": "Polygon", "coordinates": [[[49.98313137247266, 40.38887548630299], [49.98572127598271, 40.384236015493094], [49.992085989477175, 40.383529896404774], [49.995861777699524, 40.387463344419906], [49.993272354546725, 40.39210324910258], [49.986906662702246, 40.392809271892006], [49.98313137247266, 40.38887548630299]]]}, "properties": {"h3": "882ce58c5bfffff"}}, {"type": "Feature", "id": "882ce58c5dfffff", "geometry": {"type": "Polygon", "coordinates": [[[49.97180917370302, 40.377074463049695], [49.97439924776344, 40.372435581947585], [49.980762296525704, 40.37172988564994], [49.98453624900628, 40.37566316692692], [49.981946654742096, 40.38030248196924], [49.97558262808911, 40.38100808178899], [49.97180917370302, 40.377074463049695]]]}, "properties": {"h3": "882ce58c5dfffff"}}, {"type": "Feature", "id": "882ce58cc1fffff", "geometry": {"type": "Polygon", "coordinates": [[[50.031469265465105, 40.38785916352485], [50.03405614675399, 40.3832178357652], [50.04042233318924, 40.38250892618497], [50.044202616801364, 40.3864414397462], [50.04161621741494, 40.3910832010335], [50.035249052401795, 40.3917920152267], [50.031469265465105, 40.38785916352485]]]}, "properties": {"h3": "882ce58cc1fffff"}}, {"type": "Feature", "id": "882ce58ccbfffff", "geometry": {"type": "Polygon", "coordinates": [[[50.03266186283482, 40.39643349894244], [50.035249052401795, 40.3917920152267], [50.04161621741494, 40.3910832010335], [50.045397171622135, 40.39501596593986], [50.04281046413847, 40.399657883184055], [50.03644232025214, 40.400366601988196], [50.03266186283482, 40.39643349894244]]]}, "properties": {"h3": "882ce58ccbfffff"}}, {"type": "Feature", "id": "882ce58cd1fffff", "geometry": {"type": "Polygon", "coordinates": [[[50.05296091836995, 40.40288165983163], [50.05554714338879, 40.39823930912798], [50.061915678446105, 40.39752945383831], [50.06569896757188, 40.40146204427256], [50.06311322539945, 40.40610482836661], [50.05674371114261, 40.406814588630816], [50.05296091836995, 40.40288165983163]]]}, "properties": {"h3": "882ce58cd1fffff"}}, {"type": "Feature", "id": "882ce58cd9fffff", "geometry": {"type": "Polygon", "coordinates": [[[50.04400507352392, 40.408232972270326], [50.04659208917047, 40.40359089925341], [50.05296091836995, 40.40288165983163], [50.05674371114261, 40.406814588630816], [50.05415717814198, 40.41145709510795], [50.04778736961054, 40.41216623932046], [50.04400507352392, 40.408232972270326]]]}, "properties": {"h3": "882ce58cd9fffff"}}, {"type": "Feature", "id": "882ce58cdbfffff", "geometry": {"type": "Polygon", "coordinates": [[[50.05415717814198, 40.41145709510795], [50.05674371114261, 40.406814588630816], [50.06311322539945, 40.40610482836661], [50.06689718603853, 40.41003766960172], [50.0643111360656, 40.41468060946996], [50.057940642313646, 40.415390274706795], [50.05415717814198, 40.41145709510795]]]}, "properties": {"h3": "882ce58cdbfffff"}}, {"type": "Feature", "id": "882ce58cddfffff", "geometry": {"type": "Polygon", "coordinates": [[[50.04281046413847, 40.399657883184055], [50.045397171622135, 40.39501596593986], [50.051765021785165, 40.39430663131077], [50.05554714338879, 40.39823930912798], [50.05296091836995, 40.40288165983163], [50.04659208917047, 40.40359089925341], [50.04281046413847, 40.399657883184055]]]}, "properties": {"h3": "882ce58cddfffff"}}, {"type": "Feature", "id": "882ce58e01fffff", "geometry": {"type": "Polygon", "coordinates": [[[49.92585109570519, 40.395211396442896], [49.928444804727505, 40.39057406412195], [49.934808326348154, 40.38987134943613], [49.93857911708274, 40.393806064459206], [49.93598588667009, 40.39844383106498], [49.929621386801145, 40.39914644835739], [49.92585109570519, 40.395211396442896]]]}, "properties": {"h3": "882ce58e01fffff"}}, {"type": "Feature", "id": "882ce58e05fffff", "geometry": {"type": "Polygon", "coordinates": [[[49.924675181240765, 40.386639264808906], [49.92726857973998, 40.382002087697494], [49.93363112340755, 40.38129927562078], [49.937401246417004, 40.38523373804091], [49.934808326348154, 40.38987134943613], [49.928444804727505, 40.39057406412195], [49.924675181240765, 40.386639264808906]]]}, "properties": {"h3": "882ce58e05fffff"}}, {"type": "Feature", "id": "882ce58e07fffff", "geometry": {"type": "Polygon", "coordinates": [[[49.934808326348154, 40.38987134943613], [49.937401246417004, 40.38523373804091], [49.943764478521146, 40.38453040745837], [49.94753576856243, 40.38846478547545], [49.9449433273049, 40.39310283108649], [49.93857911708274, 40.393806064459206], [49.934808326348154, 40.38987134943613]]]}, "properties": {"h3": "882ce58e07fffff"}}, {"type": "Feature", "id": "882ce58e09fffff", "geometry": {"type": "Polygon", "coordinates": [[[49.916892786835376, 40.40055054808529], [49.9194872848555, 40.3959134950926], [49.92585109570519, 40.395211396442896], [49.929621386801145, 40.39914644835739], [49.92702736718885, 40.40378393570383], [49.92066257796069, 40.40448593677653], [49.916892786835376, 40.40055054808529]]]}, "properties": {"h3": "882ce58e09fffff"}}, {"type": "Feature", "id": "882ce58e0bfffff", "geometry": {"type": "Polygon", "coordinates": [[[49.92702736718885, 40.40378393570383], [49.929621386801145, 40.39914644835739], [49.93598588667009, 40.39844383106498], [49.93975734535835, 40.40237879850945], [49.93716380453515, 40.40701672014172], [49.930798326122485, 40.40771924003824], [49.92702736718885, 40.40378393570383]]]}, "properties": {"h3": "882ce58e0bfffff"}}, {"type": "Feature", "id": "882ce58e0dfffff", "geometry": {"type": "Polygon", "coordinates": [[[49.915718161223296, 40.3919783590013], [49.91831234847422, 40.38734146103306], [49.924675181240765, 40.386639264808906], [49.928444804727505, 40.39057406412195], [49.92585109570519, 40.395211396442896], [49.9194872848555, 40.3959134950926], [49.915718161223296, 40.3919783590013]]]}, "properties": {"h3": "882ce58e0dfffff"}}, {"type": "Feature", "id": "882ce58e11fffff", "geometry": {"type": "Polygon", "coordinates": [[[49.94730209875001, 40.41024890088029], [49.94989516040281, 40.40561054503019], [49.956261037551826, 40.40490688977652], [49.960034831809644, 40.40884168740099], [49.957442249708684, 40.413480477400796], [49.95107539368593, 40.41418403562098], [49.94730209875001, 40.41024890088029]]]}, "properties": {"h3": "882ce58e11fffff"}}, {"type": "Feature", "id": "882ce58e13fffff", "geometry": {"type": "Polygon", "coordinates": [[[49.957442249708684, 40.413480477400796], [49.960034831809644, 40.40884168740099], [49.966401397218895, 40.40813751282874], [49.97017635945352, 40.412072225103074], [49.96758425728591, 40.41671144918436], [49.96121671283814, 40.417415526904456], [49.957442249708684, 40.413480477400796]]]}, "properties": {"h3": "882ce58e13fffff"}}, {"type": "Feature", "id": "882ce58e15fffff", "geometry": {"type": "Polygon", "coordinates": [[[49.94612253399386, 40.401675662349035], [49.94871528541569, 40.39703746152642], [49.955080183986496, 40.396333709241624], [49.95885330960159, 40.400268254805134], [49.956261037551826, 40.40490688977652], [49.94989516040281, 40.40561054503019], [49.94612253399386, 40.401675662349035]]]}, "properties": {"h3": "882ce58e15fffff"}}, {"type": "Feature", "id": "882ce58e17fffff", "geometry": {"type": "Polygon", "coordinates": [[[49.956261037551826, 40.40490688977652], [49.95885330960159, 40.400268254805134], [49.965218896267864, 40.39956398338305], [49.968993189515224, 40.40349844377679], [49.966401397218895, 40.40813751282874], [49.960034831809644, 40.40884168740099], [49.956261037551826, 40.40490688977652]]]}, "properties": {"h3": "882ce58e17fffff"}}, {"type": "Feature", "id": "882ce58e1bfffff", "geometry": {"type": "Polygon", "coordinates": [[[49.948482021735494, 40.41882254631444], [49.95107539368593, 40.41418403562098], [49.957442249708684, 40.413480477400796], [49.96121671283814, 40.417415526904456], [49.958623820619394, 40.42205447174852], [49.95225598542728, 40.4227579329329], [49.948482021735494, 40.41882254631444]]]}, "properties": {"h3": "882ce58e1bfffff"}}, {"type": "Feature", "id": "882ce58e21fffff", "geometry": {"type": "Polygon", "coordinates": [[[49.93245427768663, 40.37272760998445], [49.93504657726809, 40.368090309562376], [49.941407854021584, 40.367386784567714], [49.94517780860949, 40.37132065719445], [49.94258598748064, 40.375958391830295], [49.936223733199355, 40.376661819620146], [49.93245427768663, 40.37272760998445]]]}, "properties": {"h3": "882ce58e21fffff"}}, {"type": "Feature", "id": "882ce58e23fffff", "geometry": {"type": "Polygon", "coordinates": [[[49.94258598748064, 40.375958391830295], [49.94517780860949, 40.37132065719445], [49.9515397732173, 40.37061661383093], [49.95531089427683, 40.374550402121585], [49.95271955198134, 40.37918857090319], [49.94635660968102, 40.379892517242936], [49.94258598748064, 40.375958391830295]]]}, "properties": {"h3": "882ce58e23fffff"}}, {"type": "Feature", "id": "882ce58e33fffff", "geometry": {"type": "Polygon", "coordinates": [[[49.96403675427033, 40.39099086121322], [49.966627927023545, 40.386352102772314], [49.97299224460293, 40.38564711865773], [49.97676636763383, 40.38958098964252], [49.97417567465557, 40.39422018209384], [49.967810378759395, 40.39492506954458], [49.96403675427033, 40.39099086121322]]]}, "properties": {"h3": "882ce58e33fffff"}}, {"type": "Feature", "id": "882ce58e35fffff", "geometry": {"type": "Polygon", "coordinates": [[[49.95271955198134, 40.37918857090319], [49.95531089427683, 40.374550402121585], [49.961673546486175, 40.373845840164236], [49.96544583414518, 40.377779543825774], [49.96285497106388, 40.38241814668503], [49.95649134099742, 40.383122611799706], [49.95271955198134, 40.37918857090319]]]}, "properties": {"h3": "882ce58e35fffff"}}, {"type": "Feature", "id": "882ce58e37fffff", "geometry": {"type": "Polygon", "coordinates": [[[49.96285497106388, 40.38241814668503], [49.96544583414518, 40.377779543825774], [49.97180917370302, 40.377074463049695], [49.97558262808911, 40.38100808178899], [49.97299224460293, 40.38564711865773], [49.966627927023545, 40.386352102772314], [49.96285497106388, 40.38241814668503]]]}, "properties": {"h3": "882ce58e37fffff"}}, {"type": "Feature", "id": "882ce58e39fffff", "geometry": {"type": "Polygon", "coordinates": [[[49.9449433273049, 40.39310283108649], [49.94753576856243, 40.38846478547545], [49.95389968885038, 40.38776093616193], [49.957672146051614, 40.39169522948278], [49.955080183986496, 40.396333709241624], [49.94871528541569, 40.39703746152642], [49.9449433273049, 40.39310283108649]]]}, "properties": {"h3": "882ce58e39fffff"}}, {"type": "Feature", "id": "882ce58e3bfffff", "geometry": {"type": "Polygon", "coordinates": [[[49.955080183986496, 40.396333709241624], [49.957672146051614, 40.39169522948278], [49.96403675427033, 40.39099086121322], [49.967810378759395, 40.39492506954458], [49.965218896267864, 40.39956398338305], [49.95885330960159, 40.400268254805134], [49.955080183986496, 40.396333709241624]]]}, "properties": {"h3": "882ce58e3bfffff"}}, {"type": "Feature", "id": "882ce58e41fffff", "geometry": {"type": "Polygon", "coordinates": [[[49.897800888609744, 40.402653860826234], [49.90039665349663, 40.398017521906084], [49.906760063598426, 40.39731655780476], [49.91052868704425, 40.40125203055962], [49.90793339998204, 40.40588880397009], [49.90156901153727, 40.40658967012986], [49.897800888609744, 40.402653860826234]]]}, "properties": {"h3": "882ce58e41fffff"}}, {"type": "Feature", "id": "882ce58e43fffff", "geometry": {"type": "Polygon", "coordinates": [[[49.90793339998204, 40.40588880397009], [49.91052868704425, 40.40125203055962], [49.916892786835376, 40.40055054808529], [49.92066257796069, 40.40448593677653], [49.91806776910435, 40.409123144609616], [49.91170269080473, 40.40982452932336], [49.90793339998204, 40.40588880397009]]]}, "properties": {"h3": "882ce58e43fffff"}}, {"type": "Feature", "id": "882ce58e45fffff", "geometry": {"type": "Polygon", "coordinates": [[[49.89662919760128, 40.39408196538077], [49.899224651293814, 40.38944578129891], [49.905587083348024, 40.38874471925863], [49.90935503964529, 40.39267993923364], [49.906760063598426, 40.39731655780476], [49.90039665349663, 40.398017521906084], [49.89662919760128, 40.39408196538077]]]}, "properties": {"h3": "882ce58e45fffff"}}, {"type": "Feature", "id": "882ce58e47fffff", "geometry": {"type": "Polygon", "coordinates": [[[49.906760063598426, 40.39731655780476], [49.90935503964529, 40.39267993923364], [49.915718161223296, 40.3919783590013], [49.9194872848555, 40.3959134950926], [49.916892786835376, 40.40055054808529], [49.91052868704425, 40.40125203055962], [49.906760063598426, 40.39731655780476]]]}, "properties": {"h3": "882ce58e47fffff"}}, {"type": "Feature", "id": "882ce58e49fffff", "geometry": {"type": "Polygon", "coordinates": [[[49.88884063650104, 40.407990267672844], [49.89143719027193, 40.403354208657525], [49.897800888609744, 40.402653860826234], [49.90156901153727, 40.40658967012986], [49.89897293538885, 40.41122616370423], [49.89260825857834, 40.41192641341038], [49.88884063650104, 40.407990267672844]]]}, "properties": {"h3": "882ce58e49fffff"}}, {"type": "Feature", "id": "882ce58e4bfffff", "geometry": {"type": "Polygon", "coordinates": [[[49.89897293538885, 40.41122616370423], [49.90156901153727, 40.40658967012986], [49.90793339998204, 40.40588880397009], [49.91170269080473, 40.40982452932336], [49.90910709266006, 40.41446145738911], [49.90274172557683, 40.4151622256047], [49.89897293538885, 40.41122616370423]]]}, "properties": {"h3": "882ce58e4bfffff"}}, {"type": "Feature", "id": "882ce58e4dfffff", "geometry": {"type": "Polygon", "coordinates": [[[49.88767023511028, 40.399418315696714], [49.89026647744071, 40.39478241133455], [49.89662919760128, 40.39408196538077], [49.90039665349663, 40.398017521906084], [49.897800888609744, 40.402653860826234], [49.89143719027193, 40.403354208657525], [49.88767023511028, 40.399418315696714]]]}, "properties": {"h3": "882ce58e4dfffff"}}, {"type": "Feature", "id": "882ce58e51fffff", "geometry": {"type": "Polygon", "coordinates": [[[49.91924310819174, 40.41769614820863], [49.92183822795125, 40.41305878571926], [49.92820399585334, 40.41235688222607], [49.93197562285331, 40.41629243879876], [49.92938098186042, 40.42093023564388], [49.92301423498878, 40.421632041555085], [49.91924310819174, 40.41769614820863]]]}, "properties": {"h3": "882ce58e51fffff"}}, {"type": "Feature", "id": "882ce58e53fffff", "geometry": {"type": "Polygon", "coordinates": [[[49.92938098186042, 40.42093023564388], [49.93197562285331, 40.41629243879876], [49.93834208010518, 40.41559001630063], [49.942114875386835, 40.41952548804295], [49.939520713542166, 40.42416371917585], [49.93315327715541, 40.424866044273195], [49.92938098186042, 40.42093023564388]]]}, "properties": {"h3": "882ce58e53fffff"}}, {"type": "Feature", "id": "882ce58e55fffff", "geometry": {"type": "Polygon", "coordinates": [[[49.91806776910435, 40.409123144609616], [49.92066257796069, 40.40448593677653], [49.92702736718885, 40.40378393570383], [49.930798326122485, 40.40771924003824], [49.92820399585334, 40.41235688222607], [49.92183822795125, 40.41305878571926], [49.91806776910435, 40.409123144609616]]]}, "properties": {"h3": "882ce58e55fffff"}}, {"type": "Feature", "id": "882ce58e57fffff", "geometry": {"type": "Polygon", "coordinates": [[[49.92820399585334, 40.41235688222607], [49.930798326122485, 40.40771924003824], [49.93716380453515, 40.40701672014172], [49.94093593140573, 40.41095193982596], [49.93834208010518, 40.41559001630063], [49.93197562285331, 40.41629243879876], [49.92820399585334, 40.41235688222607]]]}, "properties": {"h3": "882ce58e57fffff"}}, {"type": "Feature", "id": "882ce58e59fffff", "geometry": {"type": "Polygon", "coordinates": [[[49.91028114179382, 40.42303451769615], [49.91287705108803, 40.41839743515923], [49.91924310819174, 40.41769614820863], [49.92301423498878, 40.421632041555085], [49.920418804259064, 40.4262695585166], [49.914051768055636, 40.42697074770156], [49.91028114179382, 40.42303451769615]]]}, "properties": {"h3": "882ce58e59fffff"}}, {"type": "Feature", "id": "882ce58e5bfffff", "geometry": {"type": "Polygon", "coordinates": [[[49.920418804259064, 40.4262695585166], [49.92301423498878, 40.421632041555085], [49.92938098186042, 40.42093023564388], [49.93315327715541, 40.424866044273195], [49.93055832537188, 40.42950399559143], [49.92419059923497, 40.430205703918155], [49.920418804259064, 40.4262695585166]]]}, "properties": {"h3": "882ce58e5bfffff"}}, {"type": "Feature", "id": "882ce58e5dfffff", "geometry": {"type": "Polygon", "coordinates": [[[49.90910709266006, 40.41446145738911], [49.91170269080473, 40.40982452932336], [49.91806776910435, 40.409123144609616], [49.92183822795125, 40.41305878571926], [49.91924310819174, 40.41769614820863], [49.91287705108803, 40.41839743515923], [49.90910709266006, 40.41446145738911]]]}, "properties": {"h3": "882ce58e5dfffff"}}, {"type": "Feature", "id": "882ce58e61fffff", "geometry": {"type": "Polygon", "coordinates": [[[49.904414459069656, 40.380173288697115], [49.90700881328698, 40.37553698035676], [49.91336997932448, 40.374835204616275], [49.9171377686554, 40.3787698349634], [49.91454389210677, 40.38340657772316], [49.90818174844658, 40.384108255710885], [49.904414459069656, 40.380173288697115]]]}, "properties": {"h3": "882ce58e61fffff"}}, {"type": "Feature", "id": "882ce58e63fffff", "geometry": {"type": "Polygon", "coordinates": [[[49.91454389210677, 40.38340657772316], [49.9171377686554, 40.3787698349634], [49.92349962363403, 40.378067541167376], [49.92726857973998, 40.382002087697494], [49.924675181240765, 40.386639264808906], [49.91831234847422, 40.38734146103306], [49.91454389210677, 40.38340657772316]]]}, "properties": {"h3": "882ce58e63fffff"}}, {"type": "Feature", "id": "882ce58e65fffff", "geometry": {"type": "Polygon", "coordinates": [[[49.90324219060232, 40.37160226648554], [49.90583623400543, 40.3669661135365], [49.91219642271528, 40.36626424004593], [49.9159635452378, 40.37019861724895], [49.91336997932448, 40.374835204616275], [49.90700881328698, 40.37553698035676], [49.90324219060232, 40.37160226648554]]]}, "properties": {"h3": "882ce58e65fffff"}}, {"type": "Feature", "id": "882ce58e67fffff", "geometry": {"type": "Polygon", "coordinates": [[[49.91336997932448, 40.374835204616275], [49.9159635452378, 40.37019861724895], [49.922324422723555, 40.36949622588366], [49.92609271167695, 40.37343051944948], [49.92349962363403, 40.378067541167376], [49.9171377686554, 40.3787698349634], [49.91336997932448, 40.374835204616275]]]}, "properties": {"h3": "882ce58e67fffff"}}, {"type": "Feature", "id": "882ce58e69fffff", "geometry": {"type": "Polygon", "coordinates": [[[49.8954578622025, 40.38551047773324], [49.89805300476783, 40.380874448673666], [49.904414459069656, 40.380173288697115], [49.90818174844658, 40.384108255710885], [49.905587083348024, 40.38874471925863], [49.899224651293814, 40.38944578129891], [49.8954578622025, 40.38551047773324]]]}, "properties": {"h3": "882ce58e69fffff"}}, {"type": "Feature", "id": "882ce58e6bfffff", "geometry": {"type": "Polygon", "coordinates": [[[49.905587083348024, 40.38874471925863], [49.90818174844658, 40.384108255710885], [49.91454389210677, 40.38340657772316], [49.91831234847422, 40.38734146103306], [49.915718161223296, 40.3919783590013], [49.90935503964529, 40.39267993923364], [49.905587083348024, 40.38874471925863]]]}, "properties": {"h3": "882ce58e6bfffff"}}, {"type": "Feature", "id": "882ce58e6dfffff", "geometry": {"type": "Polygon", "coordinates": [[[49.894286882252466, 40.376939398248986], [49.89688171375775, 40.37230352439568], [49.90324219060232, 40.37160226648554], [49.90700881328698, 40.37553698035676], [49.904414459069656, 40.380173288697115], [49.89805300476783, 40.380874448673666], [49.894286882252466, 40.376939398248986]]]}, "properties": {"h3": "882ce58e6dfffff"}}, {"type": "Feature", "id": "882ce58e81fffff", "geometry": {"type": "Polygon", "coordinates": [[[49.99683361161521, 40.41782575054658], [49.99942396236226, 40.413185379663034], [50.005792298872535, 40.41247902944027], [50.00957126392403, 40.41641314621973], [50.00698139445674, 40.421053950910085], [50.000612078545956, 40.421760205008866], [49.99683361161521, 40.41782575054658]]]}, "properties": {"h3": "882ce58e81fffff"}}, {"type": "Feature", "id": "882ce58e83fffff", "geometry": {"type": "Polygon", "coordinates": [[[50.00698139445674, 40.421053950910085], [50.00957126392403, 40.41641314621973], [50.015940287259326, 40.41570627573399], [50.019720420579596, 40.41964030587564], [50.01713103277388, 40.42428154430413], [50.01076102987404, 40.42498831884755], [50.00698139445674, 40.421053950910085]]]}, "properties": {"h3": "882ce58e83fffff"}}, {"type": "Feature", "id": "882ce58e85fffff", "geometry": {"type": "Polygon", "coordinates": [[[49.99564616545265, 40.409251176539556], [49.99823620693545, 40.404610960872155], [50.00460356434084, 40.40390451452754], [50.0083818592561, 40.40783837996688], [50.005792298872535, 40.41247902944027], [49.99942396236226, 40.413185379663034], [49.99564616545265, 40.409251176539556]]]}, "properties": {"h3": "882ce58e85fffff"}}, {"type": "Feature", "id": "882ce58e87fffff", "geometry": {"type": "Polygon", "coordinates": [[[50.005792298872535, 40.41247902944027], [50.0083818592561, 40.40783837996688], [50.01474990332253, 40.40713141354089], [50.01852936616202, 40.41106519252327], [50.015940287259326, 40.41570627573399], [50.00957126392403, 40.41641314621973], [50.005792298872535, 40.41247902944027]]]}, "properties": {"h3": "882ce58e87fffff"}}, {"type": "Feature", "id": "882ce58e89fffff", "geometry": {"type": "Polygon", "coordinates": [[[49.98787384179234, 40.423171576465144], [49.9904649829483, 40.41853148442591], [49.99683361161521, 40.41782575054658], [50.000612078545956, 40.421760205008866], [49.998021418468475, 40.42640073092434], [49.991651810269516, 40.42710636849597], [49.98787384179234, 40.423171576465144]]]}, "properties": {"h3": "882ce58e89fffff"}}, {"type": "Feature", "id": "882ce58e8dfffff", "geometry": {"type": "Polygon", "coordinates": [[[49.98668768437701, 40.41459694373258], [49.9892785160221, 40.40995700672445], [49.99564616545265, 40.409251176539556], [49.99942396236226, 40.413185379663034], [49.99683361161521, 40.41782575054658], [49.9904649829483, 40.41853148442591], [49.98668768437701, 40.41459694373258]]]}, "properties": {"h3": "882ce58e8dfffff"}}, {"type": "Feature", "id": "882ce58e9dfffff", "geometry": {"type": "Polygon", "coordinates": [[[50.00817085125696, 40.42962927857064], [50.01076102987404, 40.42498831884755], [50.01713103277388, 40.42428154430413], [50.02091183680468, 40.42821582542287], [50.018322140029966, 40.43285721888486], [50.01195115726977, 40.43356389748391], [50.00817085125696, 40.42962927857064]]]}, "properties": {"h3": "882ce58e9dfffff"}}, {"type": "Feature", "id": "882ce58ea1fffff", "geometry": {"type": "Polygon", "coordinates": [[[50.003415190698256, 40.39533040653812], [50.00600413311258, 40.39069006805119], [50.01237021952781, 40.38998290975107], [50.01614834209445, 40.3939161858686], [50.01355988079987, 40.398556958091184], [50.007192815706766, 40.3992640204553], [50.003415190698256, 40.39533040653812]]]}, "properties": {"h3": "882ce58ea1fffff"}}, {"type": "Feature", "id": "882ce58ea3fffff", "geometry": {"type": "Polygon", "coordinates": [[[50.01355988079987, 40.398556958091184], [50.01614834209445, 40.3939161858686], [50.02251511458835, 40.3932085076253], [50.02629440451713, 40.39714169735376], [50.02370642472371, 40.4017829032433], [50.01733867338819, 40.402490485732145], [50.01355988079987, 40.398556958091184]]]}, "properties": {"h3": "882ce58ea3fffff"}}, {"type": "Feature", "id": "882ce58ea5fffff", "geometry": {"type": "Polygon", "coordinates": [[[50.00222717778149, 40.386756705838124], [50.00481581131027, 40.3821165231206], [50.011180919342905, 40.38140926888667], [50.01495837211724, 40.38534229329877], [50.01237021952781, 40.38998290975107], [50.00600413311258, 40.39069006805119], [50.00222717778149, 40.386756705838124]]]}, "properties": {"h3": "882ce58ea5fffff"}}, {"type": "Feature", "id": "882ce58ea7fffff", "geometry": {"type": "Polygon", "coordinates": [[[50.01237021952781, 40.38998290975107], [50.01495837211724, 40.38534229329877], [50.02132416606485, 40.38463451930317], [50.02510278585721, 40.388567457506895], [50.02251511458835, 40.3932085076253], [50.01614834209445, 40.3939161858686], [50.01237021952781, 40.38998290975107]]]}, "properties": {"h3": "882ce58ea7fffff"}}, {"type": "Feature", "id": "882ce58ea9fffff", "geometry": {"type": "Polygon", "coordinates": [[[49.99445907981753, 40.40067700926951], [49.99704881210226, 40.39603694900241], [50.003415190698256, 40.39533040653812], [50.007192815706766, 40.3992640204553], [50.00460356434084, 40.40390451452754], [49.99823620693545, 40.404610960872155], [49.99445907981753, 40.40067700926951]]]}, "properties": {"h3": "882ce58ea9fffff"}}, {"type": "Feature", "id": "882ce58eabfffff", "geometry": {"type": "Polygon", "coordinates": [[[50.00460356434084, 40.40390451452754], [50.007192815706766, 40.3992640204553], [50.01355988079987, 40.398556958091184], [50.01733867338819, 40.402490485732145], [50.01474990332253, 40.40713141354089], [50.0083818592561, 40.40783837996688], [50.00460356434084, 40.40390451452754]]]}, "properties": {"h3": "882ce58eabfffff"}}, {"type": "Feature", "id": "882ce58eadfffff", "geometry": {"type": "Polygon", "coordinates": [[[49.993272354546725, 40.39210324910258], [49.995861777699524, 40.387463344419906], [50.00222717778149, 40.386756705838124], [50.00600413311258, 40.39069006805119], [50.003415190698256, 40.39533040653812], [49.99704881210226, 40.39603694900241], [49.993272354546725, 40.39210324910258]]]}, "properties": {"h3": "882ce58eadfffff"}}, {"type": "Feature", "id": "882ce58eb5fffff", "geometry": {"type": "Polygon", "coordinates": [[[50.02370642472371, 40.4017829032433], [50.02629440451713, 40.39714169735376], [50.03266186283482, 40.39643349894244], [50.03644232025214, 40.400366601988196], [50.03385482234136, 40.405008241475876], [50.027486385018456, 40.405716344314406], [50.02370642472371, 40.4017829032433]]]}, "properties": {"h3": "882ce58eb5fffff"}}, {"type": "Feature", "id": "882ce58eb7fffff", "geometry": {"type": "Polygon", "coordinates": [[[50.03385482234136, 40.405008241475876], [50.03644232025214, 40.400366601988196], [50.04281046413847, 40.399657883184055], [50.04659208917047, 40.40359089925341], [50.04400507352392, 40.408232972270326], [50.037635950468946, 40.408941595683416], [50.03385482234136, 40.405008241475876]]]}, "properties": {"h3": "882ce58eb7fffff"}}, {"type": "Feature", "id": "882ce58eb9fffff", "geometry": {"type": "Polygon", "coordinates": [[[50.015940287259326, 40.41570627573399], [50.01852936616202, 40.41106519252327], [50.02489809663463, 40.410357705790915], [50.028678727525, 40.414291398022556], [50.02609013048491, 40.41893291490185], [50.019720420579596, 40.41964030587564], [50.015940287259326, 40.41570627573399]]]}, "properties": {"h3": "882ce58eb9fffff"}}, {"type": "Feature", "id": "882ce58ebbfffff", "geometry": {"type": "Polygon", "coordinates": [[[50.02609013048491, 40.41893291490185], [50.028678727525, 40.414291398022556], [50.03504814414863, 40.41358339075886], [50.03882994321629, 40.41751699594596], [50.03624182842068, 40.42215894642492], [50.02987143220064, 40.422866858111846], [50.02609013048491, 40.41893291490185]]]}, "properties": {"h3": "882ce58ebbfffff"}}, {"type": "Feature", "id": "882ce58ebdfffff", "geometry": {"type": "Polygon", "coordinates": [[[50.01474990332253, 40.40713141354089], [50.01733867338819, 40.402490485732145], [50.02370642472371, 40.4017829032433], [50.027486385018456, 40.405716344314406], [50.02489809663463, 40.410357705790915], [50.01852936616202, 40.41106519252327], [50.01474990332253, 40.40713141354089]]]}, "properties": {"h3": "882ce58ebdfffff"}}, {"type": "Feature", "id": "882ce58ec3fffff", "geometry": {"type": "Polygon", "coordinates": [[[49.97891298964599, 40.42851650680145], [49.98150492125618, 40.42387669386095], [49.98787384179234, 40.423171576465144], [49.991651810269516, 40.42710636849597], [49.989060359536374, 40.43174661538205], [49.98269045933673, 40.432451636286416], [49.97891298964599, 40.42851650680145]]]}, "properties": {"h3": "882ce58ec3fffff"}}, {"type": "Feature", "id": "882ce58ec7fffff", "geometry": {"type": "Polygon", "coordinates": [[[49.977728121355895, 40.41994181571213], [49.980319743208526, 40.41530215761766], [49.98668768437701, 40.41459694373258], [49.9904649829483, 40.41853148442591], [49.98787384179234, 40.423171576465144], [49.98150492125618, 40.42387669386095], [49.977728121355895, 40.41994181571213]]]}, "properties": {"h3": "882ce58ec7fffff"}}, {"type": "Feature", "id": "882ce58ecbfffff", "geometry": {"type": "Polygon", "coordinates": [[[49.96995105541845, 40.43386054116114], [49.97254377752809, 40.429221007573744], [49.97891298964599, 40.42851650680145], [49.98269045933673, 40.432451636286416], [49.98009821790259, 40.437091603888696], [49.97372802598989, 40.437796007985774], [49.96995105541845, 40.43386054116114]]]}, "properties": {"h3": "882ce58ecbfffff"}}, {"type": "Feature", "id": "882ce58ecdfffff", "geometry": {"type": "Polygon", "coordinates": [[[49.958623820619394, 40.42205447174852], [49.96121671283814, 40.417415526904456], [49.96758425728591, 40.41671144918436], [49.971359888736885, 40.42064641315744], [49.96876747663153, 40.42528579208388], [49.96239895284956, 40.425989772949514], [49.958623820619394, 40.42205447174852]]]}, "properties": {"h3": "882ce58ecdfffff"}}, {"type": "Feature", "id": "882ce58ed5fffff", "geometry": {"type": "Polygon", "coordinates": [[[49.989060359536374, 40.43174661538205], [49.991651810269516, 40.42710636849597], [49.998021418468475, 40.42640073092434], [50.00180055564988, 40.43033543654335], [49.99920958617579, 40.4349761173065], [49.992838998148926, 40.43568165856827], [49.989060359536374, 40.43174661538205]]]}, "properties": {"h3": "882ce58ed5fffff"}}, {"type": "Feature", "id": "882ce58ed7fffff", "geometry": {"type": "Polygon", "coordinates": [[[49.99920958617579, 40.4349761173065], [50.00180055564988, 40.43033543654335], [50.00817085125696, 40.42962927857064], [50.01195115726977, 40.43356389748391], [50.009360669436774, 40.438205012055455], [50.00298939383753, 40.43891107390003], [49.99920958617579, 40.4349761173065]]]}, "properties": {"h3": "882ce58ed7fffff"}}, {"type": "Feature", "id": "882ce58eddfffff", "geometry": {"type": "Polygon", "coordinates": [[[49.98009821790259, 40.437091603888696], [49.98269045933673, 40.432451636286416], [49.989060359536374, 40.43174661538205], [49.992838998148926, 40.43568165856827], [49.99024723777231, 40.44032206011697], [49.983876357613255, 40.441026984527696], [49.98009821790259, 40.437091603888696]]]}, "properties": {"h3": "882ce58eddfffff"}}, {"type": "Feature", "id": "882ce58ee1fffff", "geometry": {"type": "Polygon", "coordinates": [[[49.975359464023484, 40.40279365299225], [49.977950466560166, 40.3981543051424], [49.98431644988012, 40.397448898285425], [49.98809240932774, 40.40138293575777], [49.98550188712726, 40.40602271755064], [49.9791349250308, 40.40672802792278], [49.975359464023484, 40.40279365299225]]]}, "properties": {"h3": "882ce58ee1fffff"}}, {"type": "Feature", "id": "882ce58ee3fffff", "geometry": {"type": "Polygon", "coordinates": [[[49.98550188712726, 40.40602271755064], [49.98809240932774, 40.40138293575777], [49.99445907981753, 40.40067700926951], [49.99823620693545, 40.404610960872155], [49.99564616545265, 40.409251176539556], [49.9892785160221, 40.40995700672445], [49.98550188712726, 40.40602271755064]]]}, "properties": {"h3": "882ce58ee3fffff"}}, {"type": "Feature", "id": "882ce58ee5fffff", "geometry": {"type": "Polygon", "coordinates": [[[49.97417567465557, 40.39422018209384], [49.97676636763383, 40.38958098964252], [49.98313137247266, 40.38887548630299], [49.986906662702246, 40.392809271892006], [49.98431644988012, 40.397448898285425], [49.977950466560166, 40.3981543051424], [49.97417567465557, 40.39422018209384]]]}, "properties": {"h3": "882ce58ee5fffff"}}, {"type": "Feature", "id": "882ce58ee7fffff", "geometry": {"type": "Polygon", "coordinates": [[[49.98431644988012, 40.397448898285425], [49.986906662702246, 40.392809271892006], [49.993272354546725, 40.39210324910258], [49.99704881210226, 40.39603694900241], [49.99445907981753, 40.40067700926951], [49.98809240932774, 40.40138293575777], [49.98431644988012, 40.397448898285425]]]}, "properties": {"h3": "882ce58ee7fffff"}}, {"type": "Feature", "id": "882ce58ee9fffff", "geometry": {"type": "Polygon", "coordinates": [[[49.966401397218895, 40.40813751282874], [49.968993189515224, 40.40349844377679], [49.975359464023484, 40.40279365299225], [49.9791349250308, 40.40672802792278], [49.97654361286934, 40.411367530987015], [49.97017635945352, 40.412072225103074], [49.966401397218895, 40.40813751282874]]]}, "properties": {"h3": "882ce58ee9fffff"}}, {"type": "Feature", "id": "882ce58eebfffff", "geometry": {"type": "Polygon", "coordinates": [[[49.97654361286934, 40.411367530987015], [49.9791349250308, 40.40672802792278], [49.98550188712726, 40.40602271755064], [49.9892785160221, 40.40995700672445], [49.98668768437701, 40.41459694373258], [49.980319743208526, 40.41530215761766], [49.97654361286934, 40.411367530987015]]]}, "properties": {"h3": "882ce58eebfffff"}}, {"type": "Feature", "id": "882ce58eedfffff", "geometry": {"type": "Polygon", "coordinates": [[[49.965218896267864, 40.39956398338305], [49.967810378759395, 40.39492506954458], [49.97417567465557, 40.39422018209384], [49.977950466560166, 40.3981543051424], [49.975359464023484, 40.40279365299225], [49.968993189515224, 40.40349844377679], [49.965218896267864, 40.39956398338305]]]}, "properties": {"h3": "882ce58eedfffff"}}, {"type": "Feature", "id": "882ce58f49fffff", "geometry": {"type": "Polygon", "coordinates": [[[49.88065528133199, 40.34799517645791], [49.88324965643186, 40.343360203877786], [49.88960651372573, 40.34265916924664], [49.89336997221543, 40.34659320529594], [49.8907760734876, 40.3512286124271], [49.88441823978635, 40.35192954895234], [49.88065528133199, 40.34799517645791]]]}, "properties": {"h3": "882ce58f49fffff"}}, {"type": "Feature", "id": "882ce58f4bfffff", "geometry": {"type": "Polygon", "coordinates": [[[49.8907760734876, 40.3512286124271], [49.89336997221543, 40.34659320529594], [49.89972751845749, 40.34589165360154], [49.903492142432704, 40.34982560695805], [49.90089872045701, 40.354461448572735], [49.894540197642215, 40.35516290234184], [49.8907760734876, 40.3512286124271]]]}, "properties": {"h3": "882ce58f4bfffff"}}, {"type": "Feature", "id": "882ce58f4dfffff", "geometry": {"type": "Polygon", "coordinates": [[[49.879487363298644, 40.33942608542808], [49.8820814274286, 40.33479126878841], [49.88843730860963, 40.33409013605426], [49.8922001016619, 40.33802391805722], [49.88960651372573, 40.34265916924664], [49.88324965643186, 40.343360203877786], [49.879487363298644, 40.33942608542808]]]}, "properties": {"h3": "882ce58f4dfffff"}}, {"type": "Feature", "id": "882ce58f51fffff", "geometry": {"type": "Polygon", "coordinates": [[[49.91102322211805, 40.35769368437728], [49.91361616696145, 40.353057408346594], [49.91997509034617, 40.35235482185079], [49.92374204567883, 40.35628860894409], [49.921149578348015, 40.36092531932309], [49.914789678060174, 40.361627808254966], [49.91102322211805, 40.35769368437728]]]}, "properties": {"h3": "882ce58f51fffff"}}, {"type": "Feature", "id": "882ce58f5bfffff", "geometry": {"type": "Polygon", "coordinates": [[[49.91219642271528, 40.36626424004593], [49.914789678060174, 40.361627808254966], [49.921149578348015, 40.36092531932309], [49.924917200377024, 40.364859359743264], [49.922324422723555, 40.36949622588366], [49.9159635452378, 40.37019861724895], [49.91219642271528, 40.36626424004593]]]}, "properties": {"h3": "882ce58f5bfffff"}}, {"type": "Feature", "id": "882ce59527fffff", "geometry": {"type": "Polygon", "coordinates": [[[49.7531567550053, 40.479355807034985], [49.755764832097505, 40.474724128895474], [49.76213183922759, 40.47403294084685], [49.76589174926105, 40.4779735318078], [49.763284146562164, 40.482605645527805], [49.75691615932419, 40.48329673270052], [49.7531567550053, 40.479355807034985]]]}, "properties": {"h3": "882ce59527fffff"}}, {"type": "Feature", "id": "882ce59601fffff", "geometry": {"type": "Polygon", "coordinates": [[[49.68259928545716, 40.60439421351149], [49.68521732671456, 40.59976375326473], [49.69159571672023, 40.599079057671034], [49.69535704928924, 40.60302492487449], [49.692739482175305, 40.60765582131782], [49.686360108235924, 40.60834041435515], [49.68259928545716, 40.60439421351149]]]}, "properties": {"h3": "882ce59601fffff"}}, {"type": "Feature", "id": "882ce59603fffff", "geometry": {"type": "Polygon", "coordinates": [[[49.692739482175305, 40.60765582131782], [49.69535704928924, 40.60302492487449], [49.70173614080092, 40.602339710610906], [49.70549864919027, 40.6062854951602], [49.70288155660433, 40.61091682773393], [49.69650148098804, 40.61160193962201], [49.692739482175305, 40.60765582131782]]]}, "properties": {"h3": "882ce59603fffff"}}, {"type": "Feature", "id": "882ce59605fffff", "geometry": {"type": "Polygon", "coordinates": [[[49.681457169830686, 40.59581780370167], [49.684074893169864, 40.591187492181135], [49.690452299540176, 40.590502694034086], [49.694212966093744, 40.59444830995494], [49.69159571672023, 40.599079057671034], [49.68521732671456, 40.59976375326473], [49.681457169830686, 40.59581780370167]]]}, "properties": {"h3": "882ce59605fffff"}}, {"type": "Feature", "id": "882ce59607fffff", "geometry": {"type": "Polygon", "coordinates": [[[49.69159571672023, 40.599079057671034], [49.694212966093744, 40.59444830995494], [49.70059107379922, 40.593762993318826], [49.704352915824416, 40.59770852676539], [49.70173614080092, 40.602339710610906], [49.69535704928924, 40.60302492487449], [49.69159571672023, 40.599079057671034]]]}, "properties": {"h3": "882ce59607fffff"}}, {"type": "Feature", "id": "882ce59609fffff", "geometry": {"type": "Polygon", "coordinates": [[[49.673601780261244, 40.60970846045113], [49.676220613443846, 40.60507828792659], [49.68259928545716, 40.60439421351149], [49.686360108235924, 40.60834041435515], [49.68374174899014, 40.61297102314332], [49.67736209291576, 40.613654994818226], [49.673601780261244, 40.60970846045113]]]}, "properties": {"h3": "882ce59609fffff"}}, {"type": "Feature", "id": "882ce5960dfffff", "geometry": {"type": "Polygon", "coordinates": [[[49.67246096656353, 40.60113200483804], [49.67507948158001, 40.5965019808539], [49.681457169830686, 40.59581780370167], [49.68521732671456, 40.59976375326473], [49.68259928545716, 40.60439421351149], [49.676220613443846, 40.60507828792659], [49.67246096656353, 40.60113200483804]]]}, "properties": {"h3": "882ce5960dfffff"}}, {"type": "Feature", "id": "882ce59621fffff", "geometry": {"type": "Polygon", "coordinates": [[[49.689309230476994, 40.58192673077354], [49.6919258445798, 40.57729628106631], [49.69830198556751, 40.57661075969407], [49.702062495549356, 40.580555790389674], [49.699446355440834, 40.58518667622436], [49.69306923124333, 40.58587209523003], [49.689309230476994, 40.58192673077354]]]}, "properties": {"h3": "882ce59621fffff"}}, {"type": "Feature", "id": "882ce59623fffff", "geometry": {"type": "Polygon", "coordinates": [[[49.699446355440834, 40.58518667622436], [49.702062495549356, 40.580555790389674], [49.708439337281774, 40.579869750661665], [49.71220102217321, 40.58381469894815], [49.70958535644309, 40.588446020844074], [49.70320753133026, 40.58913195838632], [49.699446355440834, 40.58518667622436]]]}, "properties": {"h3": "882ce59623fffff"}}, {"type": "Feature", "id": "882ce59625fffff", "geometry": {"type": "Polygon", "coordinates": [[[49.688166509372635, 40.5733511682559], [49.69078280594514, 40.56872086783017], [49.69715796402103, 40.568035244094425], [49.70091780832342, 40.57198002314195], [49.69830198556751, 40.57661075969407], [49.6919258445798, 40.57729628106631], [49.688166509372635, 40.5733511682559]]]}, "properties": {"h3": "882ce59625fffff"}}, {"type": "Feature", "id": "882ce59627fffff", "geometry": {"type": "Polygon", "coordinates": [[[49.69830198556751, 40.57661075969407], [49.70091780832342, 40.57198002314195], [49.707293666973484, 40.57129388123115], [49.71105468583716, 40.57523857804932], [49.708439337281774, 40.579869750661665], [49.702062495549356, 40.580555790389674], [49.69830198556751, 40.57661075969407]]]}, "properties": {"h3": "882ce59627fffff"}}, {"type": "Feature", "id": "882ce59629fffff", "geometry": {"type": "Polygon", "coordinates": [[[49.6803154019527, 40.587241794080434], [49.68293280744382, 40.582611631470925], [49.689309230476994, 40.58192673077354], [49.69306923124333, 40.58587209523003], [49.690452299540176, 40.590502694034086], [49.684074893169864, 40.591187492181135], [49.6803154019527, 40.587241794080434]]]}, "properties": {"h3": "882ce59629fffff"}}, {"type": "Feature", "id": "882ce5962bfffff", "geometry": {"type": "Polygon", "coordinates": [[[49.690452299540176, 40.590502694034086], [49.69306923124333, 40.58587209523003], [49.699446355440834, 40.58518667622436], [49.70320753133026, 40.58913195838632], [49.70059107379922, 40.593762993318826], [49.694212966093744, 40.59444830995494], [49.690452299540176, 40.590502694034086]]]}, "properties": {"h3": "882ce5962bfffff"}}, {"type": "Feature", "id": "882ce5962dfffff", "geometry": {"type": "Polygon", "coordinates": [[[49.67917398166536, 40.57866618501427], [49.68179106937853, 40.574036171500516], [49.688166509372635, 40.5733511682559], [49.6919258445798, 40.57729628106631], [49.689309230476994, 40.58192673077354], [49.68293280744382, 40.582611631470925], [49.67917398166536, 40.57866618501427]]]}, "properties": {"h3": "882ce5962dfffff"}}, {"type": "Feature", "id": "882ce59639fffff", "geometry": {"type": "Polygon", "coordinates": [[[49.70173614080092, 40.602339710610906], [49.704352915824416, 40.59770852676539], [49.71073172461589, 40.59702269141187], [49.714494742247766, 40.60096814208959], [49.71187844195868, 40.60559976199833], [49.70549864919027, 40.6062854951602], [49.70173614080092, 40.602339710610906]]]}, "properties": {"h3": "882ce59639fffff"}}, {"type": "Feature", "id": "882ce59641fffff", "geometry": {"type": "Polygon", "coordinates": [[[49.654465340362314, 40.61175767996184], [49.65708543885674, 40.60712823180885], [49.66346368999015, 40.606445297054336], [49.667222826533, 40.61039191355154], [49.664603201384, 40.615021798101054], [49.658223966233734, 40.61570462975083], [49.654465340362314, 40.61175767996184]]]}, "properties": {"h3": "882ce59641fffff"}}, {"type": "Feature", "id": "882ce59643fffff", "geometry": {"type": "Polygon", "coordinates": [[[49.664603201384, 40.615021798101054], [49.667222826533, 40.61039191355154], [49.673601780261244, 40.60970846045113], [49.67736209291576, 40.613654994818226], [49.67474294149673, 40.61828531569835], [49.668363003580204, 40.61896866587477], [49.664603201384, 40.615021798101054]]]}, "properties": {"h3": "882ce59643fffff"}}, {"type": "Feature", "id": "882ce59645fffff", "geometry": {"type": "Polygon", "coordinates": [[[49.65332747828962, 40.603181533476075], [49.65594725819251, 40.59855223367662], [49.662324525607524, 40.59786919582046], [49.6660829967251, 40.601815560859386], [49.66346368999015, 40.606445297054336], [49.65708543885674, 40.60712823180885], [49.65332747828962, 40.603181533476075]]]}, "properties": {"h3": "882ce59645fffff"}}, {"type": "Feature", "id": "882ce59647fffff", "geometry": {"type": "Polygon", "coordinates": [[[49.66346368999015, 40.606445297054336], [49.6660829967251, 40.601815560859386], [49.67246096656353, 40.60113200483804], [49.676220613443846, 40.60507828792659], [49.673601780261244, 40.60970846045113], [49.667222826533, 40.61039191355154], [49.66346368999015, 40.606445297054336]]]}, "properties": {"h3": "882ce59647fffff"}}, {"type": "Feature", "id": "882ce59649fffff", "geometry": {"type": "Polygon", "coordinates": [[[49.645465917931936, 40.61706915317201], [49.6480868082268, 40.612439993313686], [49.654465340362314, 40.61175767996184], [49.658223966233734, 40.61570462975083], [49.65560354907726, 40.62033422607253], [49.64922403279798, 40.62101643613583], [49.645465917931936, 40.61706915317201]]]}, "properties": {"h3": "882ce59649fffff"}}, {"type": "Feature", "id": "882ce5964dfffff", "geometry": {"type": "Polygon", "coordinates": [[[49.64432935854394, 40.60849296180398], [49.64694992999935, 40.603863950113315], [49.65332747828962, 40.603181533476075], [49.65708543885674, 40.60712823180885], [49.654465340362314, 40.61175767996184], [49.6480868082268, 40.612439993313686], [49.64432935854394, 40.60849296180398]]]}, "properties": {"h3": "882ce5964dfffff"}}, {"type": "Feature", "id": "882ce59655fffff", "geometry": {"type": "Polygon", "coordinates": [[[49.67474294149673, 40.61828531569835], [49.67736209291576, 40.613654994818226], [49.68374174899014, 40.61297102314332], [49.68750323789205, 40.61691747508573], [49.68488456058768, 40.62154823223046], [49.67850392015369, 40.6222321011622], [49.67474294149673, 40.61828531569835]]]}, "properties": {"h3": "882ce59655fffff"}}, {"type": "Feature", "id": "882ce59661fffff", "geometry": {"type": "Polygon", "coordinates": [[[49.66118570807853, 40.589293494765926], [49.66380437819646, 40.58466405583451], [49.670180381150224, 40.583980293980574], [49.6739386971664, 40.58792607396675], [49.67132050024576, 40.59255594922569], [49.664943513998786, 40.59323960816489], [49.66118570807853, 40.589293494765926]]]}, "properties": {"h3": "882ce59661fffff"}}, {"type": "Feature", "id": "882ce59663fffff", "geometry": {"type": "Polygon", "coordinates": [[[49.67132050024576, 40.59255594922569], [49.6739386971664, 40.58792607396675], [49.6803154019527, 40.587241794080434], [49.684074893169864, 40.591187492181135], [49.681457169830686, 40.59581780370167], [49.67507948158001, 40.5965019808539], [49.67132050024576, 40.59255594922569]]]}, "properties": {"h3": "882ce59663fffff"}}, {"type": "Feature", "id": "882ce59665fffff", "geometry": {"type": "Polygon", "coordinates": [[[49.66004723724563, 40.580718194257095], [49.6626655891606, 40.57608890423456], [49.66904060911925, 40.57540503946903], [49.672798260045234, 40.57935056763159], [49.670180381150224, 40.583980293980574], [49.66380437819646, 40.58466405583451], [49.66004723724563, 40.580718194257095]]]}, "properties": {"h3": "882ce59665fffff"}}, {"type": "Feature", "id": "882ce59667fffff", "geometry": {"type": "Polygon", "coordinates": [[[49.670180381150224, 40.583980293980574], [49.672798260045234, 40.57935056763159], [49.67917398166536, 40.57866618501427], [49.68293280744382, 40.582611631470925], [49.6803154019527, 40.587241794080434], [49.6739386971664, 40.58792607396675], [49.670180381150224, 40.583980293980574]]]}, "properties": {"h3": "882ce59667fffff"}}, {"type": "Feature", "id": "882ce59669fffff", "geometry": {"type": "Polygon", "coordinates": [[[49.65218996270177, 40.5946057869817], [49.65480942408361, 40.589976635720554], [49.66118570807853, 40.589293494765926], [49.664943513998786, 40.59323960816489], [49.662324525607524, 40.59786919582046], [49.65594725819251, 40.59855223367662], [49.65218996270177, 40.5946057869817]]]}, "properties": {"h3": "882ce59669fffff"}}, {"type": "Feature", "id": "882ce5966bfffff", "geometry": {"type": "Polygon", "coordinates": [[[49.662324525607524, 40.59786919582046], [49.664943513998786, 40.59323960816489], [49.67132050024576, 40.59255594922569], [49.67507948158001, 40.5965019808539], [49.67246096656353, 40.60113200483804], [49.6660829967251, 40.601815560859386], [49.662324525607524, 40.59786919582046]]]}, "properties": {"h3": "882ce5966bfffff"}}, {"type": "Feature", "id": "882ce5966dfffff", "geometry": {"type": "Polygon", "coordinates": [[[49.651052793441416, 40.58603044084512], [49.65367193637265, 40.58140143830705], [49.66004723724563, 40.580718194257095], [49.66380437819646, 40.58466405583451], [49.66118570807853, 40.589293494765926], [49.65480942408361, 40.589976635720554], [49.651052793441416, 40.58603044084512]]]}, "properties": {"h3": "882ce5966dfffff"}}, {"type": "Feature", "id": "882ce5970bfffff", "geometry": {"type": "Polygon", "coordinates": [[[49.67575180476949, 40.55294176480928], [49.67836793956942, 40.54831219969082], [49.68474043223348, 40.54762688882315], [49.68849777213055, 40.55157124560583], [49.685882110408684, 40.55620124691451], [49.67950863559899, 40.55688645524432], [49.67575180476949, 40.55294176480928]]]}, "properties": {"h3": "882ce5970bfffff"}}, {"type": "Feature", "id": "882ce5971bfffff", "geometry": {"type": "Polygon", "coordinates": [[[49.69715796402103, 40.568035244094425], [49.699773469494225, 40.563404657009585], [49.706148345359864, 40.562718412919], [49.70990869842394, 40.5666628580871], [49.707293666973484, 40.57129388123115], [49.70091780832342, 40.57198002314195], [49.69715796402103, 40.568035244094425]]]}, "properties": {"h3": "882ce5971bfffff"}}, {"type": "Feature", "id": "882ce59743fffff", "geometry": {"type": "Polygon", "coordinates": [[[49.65663390335028, 40.55499469966702], [49.65925130107817, 40.55036585747913], [49.66562337383875, 40.549681683998024], [49.66937903086037, 40.55362645560073], [49.66676210562093, 40.55825573411166], [49.66038905075874, 40.55893980469082], [49.65663390335028, 40.55499469966702]]]}, "properties": {"h3": "882ce59743fffff"}}, {"type": "Feature", "id": "882ce5974bfffff", "geometry": {"type": "Polygon", "coordinates": [[[49.64764336205341, 40.56030680824432], [49.65026155005538, 40.55567825298355], [49.65663390335028, 40.55499469966702], [49.66038905075874, 40.55893980469082], [49.657771335038774, 40.56356879634155], [49.651397999515666, 40.56425224657248], [49.64764336205341, 40.56030680824432]]]}, "properties": {"h3": "882ce5974bfffff"}}, {"type": "Feature", "id": "882ce59751fffff", "geometry": {"type": "Polygon", "coordinates": [[[49.667901183995305, 40.56683018605734], [49.67051842704974, 40.56220075808241], [49.67689218323141, 40.5615161700125], [49.680649678816145, 40.56546111263625], [49.67803290881081, 40.57009097686955], [49.67165817005888, 40.570775462214755], [49.667901183995305, 40.56683018605734]]]}, "properties": {"h3": "882ce59751fffff"}}, {"type": "Feature", "id": "882ce59753fffff", "geometry": {"type": "Polygon", "coordinates": [[[49.67803290881081, 40.57009097686955], [49.680649678816145, 40.56546111263625], [49.687024136069134, 40.564776006847474], [49.69078280594514, 40.56872086783017], [49.688166509372635, 40.5733511682559], [49.68179106937853, 40.574036171500516], [49.67803290881081, 40.57009097686955]]]}, "properties": {"h3": "882ce59753fffff"}}, {"type": "Feature", "id": "882ce59755fffff", "geometry": {"type": "Polygon", "coordinates": [[[49.66676210562093, 40.55825573411166], [49.66937903086037, 40.55362645560073], [49.67575180476949, 40.55294176480928], [49.67950863559899, 40.55688645524432], [49.67689218323141, 40.5615161700125], [49.67051842704974, 40.56220075808241], [49.66676210562093, 40.55825573411166]]]}, "properties": {"h3": "882ce59755fffff"}}, {"type": "Feature", "id": "882ce59757fffff", "geometry": {"type": "Polygon", "coordinates": [[[49.67689218323141, 40.5615161700125], [49.67950863559899, 40.55688645524432], [49.685882110408684, 40.55620124691451], [49.68964011518135, 40.560145855887946], [49.687024136069134, 40.564776006847474], [49.680649678816145, 40.56546111263625], [49.67689218323141, 40.5615161700125]]]}, "properties": {"h3": "882ce59757fffff"}}, {"type": "Feature", "id": "882ce59759fffff", "geometry": {"type": "Polygon", "coordinates": [[[49.658909112951484, 40.57214329466025], [49.661527146733796, 40.56751415373131], [49.667901183995305, 40.56683018605734], [49.67165817005888, 40.570775462214755], [49.66904060911925, 40.57540503946903], [49.6626655891606, 40.57608890423456], [49.658909112951484, 40.57214329466025]]]}, "properties": {"h3": "882ce59759fffff"}}, {"type": "Feature", "id": "882ce5975bfffff", "geometry": {"type": "Polygon", "coordinates": [[[49.66904060911925, 40.57540503946903], [49.67165817005888, 40.570775462214755], [49.67803290881081, 40.57009097686955], [49.68179106937853, 40.574036171500516], [49.67917398166536, 40.57866618501427], [49.672798260045234, 40.57935056763159], [49.66904060911925, 40.57540503946903]]]}, "properties": {"h3": "882ce5975bfffff"}}, {"type": "Feature", "id": "882ce5975dfffff", "geometry": {"type": "Polygon", "coordinates": [[[49.657771335038774, 40.56356879634155], [49.66038905075874, 40.55893980469082], [49.66676210562093, 40.55825573411166], [49.67051842704974, 40.56220075808241], [49.667901183995305, 40.56683018605734], [49.661527146733796, 40.56751415373131], [49.657771335038774, 40.56356879634155]]]}, "properties": {"h3": "882ce5975dfffff"}}, {"type": "Feature", "id": "882ce5bb61fffff", "geometry": {"type": "Polygon", "coordinates": [[[50.046395380937454, 40.425384369784226], [50.04898301310671, 40.420741985774534], [50.05535380126572, 40.42003293677316], [50.059137937066474, 40.423966366989326], [50.05655078790565, 40.42860918446066], [50.050179019823304, 40.42931813824899], [50.046395380937454, 40.425384369784226]]]}, "properties": {"h3": "882ce5bb61fffff"}}, {"type": "Feature", "id": "882ce5bb6dfffff", "geometry": {"type": "Polygon", "coordinates": [[[50.03624182842068, 40.42215894642492], [50.03882994321629, 40.41751699594596], [50.0452000457355, 40.41680846792589], [50.04898301310671, 40.420741985774534], [50.046395380937454, 40.425384369784226], [50.04002429865832, 40.426092802409336], [50.03624182842068, 40.42215894642492]]]}, "properties": {"h3": "882ce5bb6dfffff"}}]}